0,1,2,3,4,5,6,7,8,9,10,11,12,13,14,15,16,17,18,19,20
0.0,1.0,0.0,0.0,0.0,0.0,0.0,0.0,1.0,0.0,0.0,0,67,male,2,little,little,1169.0,6,Senior,1
0.0,1.0,0.0,0.0,0.0,0.0,0.0,0.0,1.0,0.0,0.0,1,22,female,2,little,moderate,5951.0,48,Muda,0
0.0,1.0,0.0,0.0,0.0,0.0,1.0,0.0,0.0,0.0,0.0,2,49,male,1,little,little,2096.0,12,Paruh Baya,1
1.0,0.0,0.0,0.0,0.0,0.0,0.0,1.0,0.0,0.0,0.0,3,45,male,2,little,little,7882.0,42,Paruh Baya,1
1.0,0.0,0.0,0.0,1.0,0.0,0.0,0.0,0.0,0.0,0.0,4,53,male,2,little,little,4870.0,24,Paruh Baya,1
1.0,0.0,0.0,0.0,0.0,0.0,1.0,0.0,0.0,0.0,0.0,5,35,male,1,little,little,9055.0,36,Dewasa,1
0.0,1.0,0.0,0.0,0.0,0.0,0.0,1.0,0.0,0.0,0.0,6,53,male,2,quite rich,little,2835.0,24,Paruh Baya,1
0.0,0.0,1.0,0.0,1.0,0.0,0.0,0.0,0.0,0.0,0.0,7,35,male,3,little,moderate,6948.0,36,Dewasa,1
0.0,1.0,0.0,0.0,0.0,0.0,0.0,0.0,1.0,0.0,0.0,8,61,male,1,rich,little,3059.0,12,Senior,1
0.0,1.0,0.0,0.0,1.0,0.0,0.0,0.0,0.0,0.0,0.0,9,28,male,3,little,moderate,5234.0,30,Dewasa,1
0.0,0.0,1.0,0.0,1.0,0.0,0.0,0.0,0.0,0.0,0.0,10,25,female,2,little,moderate,1295.0,12,Muda,0
0.0,0.0,1.0,1.0,0.0,0.0,0.0,0.0,0.0,0.0,0.0,11,24,female,2,little,little,4308.0,48,Muda,0
0.0,1.0,0.0,0.0,0.0,0.0,0.0,0.0,1.0,0.0,0.0,12,22,female,2,little,moderate,1567.0,12,Muda,0
0.0,1.0,0.0,0.0,1.0,0.0,0.0,0.0,0.0,0.0,0.0,13,60,male,1,little,little,1199.0,24,Paruh Baya,1
0.0,0.0,1.0,0.0,1.0,0.0,0.0,0.0,0.0,0.0,0.0,14,28,female,2,little,little,1403.0,15,Dewasa,0
0.0,1.0,0.0,0.0,0.0,0.0,0.0,0.0,1.0,0.0,0.0,15,32,female,1,moderate,little,1282.0,24,Dewasa,0
0.0,1.0,0.0,0.0,0.0,0.0,0.0,0.0,1.0,0.0,0.0,16,53,male,2,little,little,2424.0,24,Paruh Baya,1
0.0,1.0,0.0,1.0,0.0,0.0,0.0,0.0,0.0,0.0,0.0,17,25,male,2,little,little,8072.0,30,Muda,1
1.0,0.0,0.0,0.0,1.0,0.0,0.0,0.0,0.0,0.0,0.0,18,44,female,3,little,moderate,9162.699999999995,24,Paruh Baya,0
0.0,1.0,0.0,0.0,0.0,0.0,0.0,0.0,1.0,0.0,0.0,19,31,male,2,quite rich,little,3430.0,24,Dewasa,1
0.0,1.0,0.0,0.0,1.0,0.0,0.0,0.0,0.0,0.0,0.0,20,48,male,2,little,little,2134.0,9,Paruh Baya,1
0.0,0.0,1.0,0.0,0.0,0.0,0.0,0.0,1.0,0.0,0.0,21,44,male,2,quite rich,little,2647.0,6,Paruh Baya,1
0.0,0.0,1.0,0.0,1.0,0.0,0.0,0.0,0.0,0.0,0.0,22,48,male,1,little,little,2241.0,10,Paruh Baya,1
0.0,1.0,0.0,0.0,1.0,0.0,0.0,0.0,0.0,0.0,0.0,23,44,male,2,moderate,moderate,1804.0,12,Paruh Baya,1
0.0,1.0,0.0,0.0,0.0,0.0,0.0,1.0,0.0,0.0,0.0,24,26,male,2,little,little,2069.0,10,Dewasa,1
0.0,1.0,0.0,0.0,0.0,0.0,0.0,1.0,0.0,0.0,0.0,25,36,male,1,little,little,1374.0,6,Dewasa,1
0.0,1.0,0.0,0.0,0.0,0.0,0.0,0.0,1.0,0.0,0.0,26,39,male,1,little,little,708.95,6,Dewasa,1
0.0,0.0,1.0,0.0,0.0,0.0,0.0,0.0,1.0,0.0,0.0,27,42,female,2,rich,rich,708.95,12,Paruh Baya,0
0.0,1.0,0.0,0.0,0.0,0.0,0.0,0.0,1.0,0.0,0.0,28,34,male,2,little,moderate,2415.0,7,Dewasa,1
0.0,1.0,0.0,1.0,0.0,0.0,0.0,0.0,0.0,0.0,0.0,29,63,male,2,little,little,6836.0,60,Senior,1
0.0,1.0,0.0,1.0,0.0,0.0,0.0,0.0,0.0,0.0,0.0,30,36,male,2,rich,moderate,1913.0,18,Dewasa,1
0.0,1.0,0.0,0.0,0.0,0.0,0.0,1.0,0.0,0.0,0.0,31,27,male,2,little,little,4020.0,24,Dewasa,1
0.0,1.0,0.0,0.0,1.0,0.0,0.0,0.0,0.0,0.0,0.0,32,30,male,2,moderate,moderate,5866.0,18,Dewasa,1
0.0,0.0,1.0,1.0,0.0,0.0,0.0,0.0,0.0,0.0,0.0,33,57,male,1,little,little,1264.0,12,Paruh Baya,1
0.0,1.0,0.0,0.0,0.0,0.0,0.0,1.0,0.0,0.0,0.0,34,33,female,3,little,rich,1474.0,12,Dewasa,0
0.0,1.0,0.0,0.0,0.0,0.0,0.0,0.0,1.0,0.0,0.0,35,25,male,1,little,moderate,4746.0,45,Muda,1
1.0,0.0,0.0,0.0,0.0,0.0,1.0,0.0,0.0,0.0,0.0,36,31,male,2,little,little,6110.0,48,Dewasa,1
0.0,1.0,0.0,0.0,0.0,0.0,0.0,0.0,1.0,0.0,0.0,37,37,male,2,little,rich,2100.0,18,Dewasa,1
0.0,1.0,0.0,0.0,0.0,1.0,0.0,0.0,0.0,0.0,0.0,38,37,male,2,little,rich,1225.0,10,Dewasa,1
0.0,1.0,0.0,0.0,0.0,0.0,0.0,0.0,1.0,0.0,0.0,39,24,male,2,little,moderate,708.95,9,Muda,1
0.0,1.0,0.0,0.0,0.0,0.0,0.0,0.0,1.0,0.0,0.0,40,30,male,3,quite rich,little,2333.0,30,Dewasa,1
0.0,1.0,0.0,0.0,0.0,0.0,0.0,0.0,1.0,0.0,0.0,41,26,male,2,quite rich,moderate,1158.0,12,Dewasa,1
0.0,1.0,0.0,0.0,0.0,0.0,0.0,0.0,0.0,1.0,0.0,42,44,male,1,little,moderate,6204.0,18,Paruh Baya,1
0.0,0.0,1.0,0.0,1.0,0.0,0.0,0.0,0.0,0.0,0.0,43,24,male,2,moderate,little,6187.0,30,Muda,1
1.0,0.0,0.0,0.0,1.0,0.0,0.0,0.0,0.0,0.0,0.0,44,58,female,1,little,little,6143.0,48,Paruh Baya,0
0.0,1.0,0.0,0.0,1.0,0.0,0.0,0.0,0.0,0.0,0.0,45,35,female,3,little,little,1393.0,11,Dewasa,0
0.0,1.0,0.0,0.0,0.0,0.0,0.0,0.0,1.0,0.0,0.0,46,39,male,2,quite rich,little,2299.0,36,Dewasa,1
0.0,0.0,1.0,0.0,1.0,0.0,0.0,0.0,0.0,0.0,0.0,47,23,female,0,quite rich,little,1352.0,6,Muda,0
0.0,1.0,0.0,0.0,1.0,0.0,0.0,0.0,0.0,0.0,0.0,48,39,male,1,little,little,7228.0,11,Dewasa,1
0.0,1.0,0.0,0.0,0.0,0.0,0.0,0.0,1.0,0.0,0.0,49,28,female,2,moderate,little,2073.0,12,Dewasa,0
0.0,1.0,0.0,0.0,0.0,0.0,0.0,1.0,0.0,0.0,0.0,50,29,male,1,little,moderate,2333.0,24,Dewasa,1
0.0,1.0,0.0,0.0,1.0,0.0,0.0,0.0,0.0,0.0,0.0,51,30,male,3,little,moderate,5965.0,27,Dewasa,1
0.0,1.0,0.0,0.0,0.0,0.0,0.0,0.0,1.0,0.0,0.0,52,25,male,2,little,little,1262.0,12,Muda,1
0.0,1.0,0.0,0.0,1.0,0.0,0.0,0.0,0.0,0.0,0.0,53,31,male,2,little,little,3378.0,18,Dewasa,1
1.0,0.0,0.0,0.0,1.0,0.0,0.0,0.0,0.0,0.0,0.0,54,57,male,2,little,moderate,2225.0,36,Paruh Baya,1
0.0,1.0,0.0,0.0,1.0,0.0,0.0,0.0,0.0,0.0,0.0,55,26,male,1,little,little,783.0,6,Dewasa,1
0.0,1.0,0.0,0.0,0.0,0.0,0.0,0.0,1.0,0.0,0.0,56,52,male,3,little,moderate,6468.0,12,Paruh Baya,1
0.0,1.0,0.0,0.0,0.0,0.0,0.0,0.0,1.0,0.0,0.0,57,31,female,2,little,little,9162.699999999995,36,Dewasa,0
0.0,1.0,0.0,0.0,1.0,0.0,0.0,0.0,0.0,0.0,0.0,58,23,female,3,little,rich,1961.0,18,Muda,0
0.0,0.0,1.0,0.0,0.0,0.0,0.0,1.0,0.0,0.0,0.0,59,23,female,1,little,little,6229.0,36,Muda,0
0.0,1.0,0.0,1.0,0.0,0.0,0.0,0.0,0.0,0.0,0.0,60,27,male,2,little,moderate,1391.0,9,Dewasa,1
0.0,1.0,0.0,0.0,0.0,0.0,0.0,0.0,1.0,0.0,0.0,61,50,male,2,little,moderate,1537.0,15,Paruh Baya,1
1.0,0.0,0.0,1.0,0.0,0.0,0.0,0.0,0.0,0.0,0.0,62,61,male,3,little,moderate,1953.0,36,Senior,1
0.0,1.0,0.0,1.0,0.0,0.0,0.0,0.0,0.0,0.0,0.0,63,25,male,2,little,moderate,9162.699999999995,48,Muda,1
0.0,1.0,0.0,0.0,0.0,0.0,0.0,0.0,1.0,0.0,0.0,64,26,female,2,little,little,3181.0,24,Dewasa,0
0.0,1.0,0.0,0.0,0.0,0.0,0.0,0.0,0.0,1.0,0.0,65,48,male,2,little,little,5190.0,27,Paruh Baya,1
0.0,1.0,0.0,0.0,0.0,0.0,0.0,0.0,1.0,0.0,0.0,66,29,female,2,little,little,2171.0,12,Dewasa,0
0.0,1.0,0.0,0.0,1.0,0.0,0.0,0.0,0.0,0.0,0.0,67,22,male,2,rich,moderate,1007.0,12,Muda,1
1.0,0.0,0.0,0.0,0.0,0.0,1.0,0.0,0.0,0.0,0.0,68,37,male,2,little,little,1819.0,36,Dewasa,1
0.0,1.0,0.0,0.0,0.0,0.0,0.0,0.0,1.0,0.0,0.0,69,25,female,2,little,little,2394.0,36,Muda,0
0.0,1.0,0.0,0.0,1.0,0.0,0.0,0.0,0.0,0.0,0.0,70,30,female,2,little,little,8133.0,36,Dewasa,0
0.0,0.0,1.0,0.0,0.0,0.0,0.0,0.0,1.0,0.0,0.0,71,46,male,1,little,little,730.0,7,Paruh Baya,1
1.0,0.0,0.0,0.0,0.0,0.0,0.0,0.0,0.0,0.0,1.0,72,51,male,3,little,little,1164.0,8,Paruh Baya,1
0.0,1.0,0.0,1.0,0.0,0.0,0.0,0.0,0.0,0.0,0.0,73,41,female,1,little,moderate,5954.0,42,Paruh Baya,0
0.0,1.0,0.0,0.0,0.0,0.0,1.0,0.0,0.0,0.0,0.0,74,40,male,3,little,little,1977.0,36,Dewasa,1
1.0,0.0,0.0,0.0,1.0,0.0,0.0,0.0,0.0,0.0,0.0,75,66,male,3,little,little,1526.0,12,Senior,1
0.0,1.0,0.0,0.0,0.0,0.0,0.0,0.0,1.0,0.0,0.0,76,34,male,2,little,little,3965.0,42,Dewasa,1
0.0,1.0,0.0,0.0,0.0,0.0,0.0,0.0,1.0,0.0,0.0,77,51,male,2,little,moderate,4771.0,11,Paruh Baya,1
0.0,1.0,0.0,0.0,1.0,0.0,0.0,0.0,0.0,0.0,0.0,78,39,male,1,little,little,9162.699999999995,54,Dewasa,1
0.0,1.0,0.0,0.0,0.0,0.0,0.0,1.0,0.0,0.0,0.0,79,22,male,2,little,moderate,3832.0,30,Muda,1
0.0,1.0,0.0,0.0,0.0,0.0,0.0,0.0,1.0,0.0,0.0,80,44,female,2,little,little,5943.0,24,Paruh Baya,0
0.0,1.0,0.0,0.0,0.0,0.0,0.0,0.0,1.0,0.0,0.0,81,47,male,2,quite rich,little,1213.0,15,Paruh Baya,1
0.0,0.0,1.0,1.0,0.0,0.0,0.0,0.0,0.0,0.0,0.0,82,24,female,1,moderate,little,1568.0,18,Muda,0
0.0,1.0,0.0,0.0,0.0,0.0,0.0,0.0,0.0,0.0,1.0,83,58,female,1,little,little,1755.0,24,Paruh Baya,0
0.0,1.0,0.0,0.0,0.0,0.0,0.0,0.0,1.0,0.0,0.0,84,52,male,1,little,little,2315.0,10,Paruh Baya,1
0.0,1.0,0.0,1.0,0.0,0.0,0.0,0.0,0.0,0.0,0.0,85,29,female,3,little,little,1412.0,12,Dewasa,0
0.0,1.0,0.0,0.0,0.0,0.0,0.0,1.0,0.0,0.0,0.0,86,27,female,2,little,moderate,1295.0,18,Dewasa,0
1.0,0.0,0.0,0.0,0.0,0.0,1.0,0.0,0.0,0.0,0.0,87,47,male,2,moderate,moderate,9162.699999999995,36,Paruh Baya,1
0.0,1.0,0.0,0.0,1.0,0.0,0.0,0.0,0.0,0.0,0.0,88,30,male,3,moderate,little,2249.0,18,Dewasa,1
0.0,1.0,0.0,0.0,0.0,0.0,0.0,0.0,0.0,1.0,0.0,89,28,male,2,little,little,1108.0,12,Dewasa,1
0.0,1.0,0.0,0.0,0.0,0.0,0.0,0.0,1.0,0.0,0.0,90,56,male,2,little,little,708.95,12,Paruh Baya,1
0.0,1.0,0.0,0.0,1.0,0.0,0.0,0.0,0.0,0.0,0.0,91,54,male,2,little,little,1409.0,12,Paruh Baya,1
0.0,1.0,0.0,0.0,0.0,0.0,0.0,0.0,1.0,0.0,0.0,92,33,female,1,little,little,797.0,12,Dewasa,0
0.0,0.0,1.0,0.0,0.0,0.0,0.0,1.0,0.0,0.0,0.0,93,20,male,2,little,rich,3617.0,24,Muda,1
0.0,1.0,0.0,0.0,1.0,0.0,0.0,0.0,0.0,0.0,0.0,94,54,male,2,rich,moderate,1318.0,12,Paruh Baya,1
0.0,0.0,1.0,1.0,0.0,0.0,0.0,0.0,0.0,0.0,0.0,95,58,male,2,little,moderate,9162.699999999995,54,Paruh Baya,1
0.0,1.0,0.0,0.0,0.0,0.0,1.0,0.0,0.0,0.0,0.0,96,61,female,2,little,little,2012.0,12,Senior,0
0.0,1.0,0.0,1.0,0.0,0.0,0.0,0.0,0.0,0.0,0.0,97,34,male,2,moderate,moderate,2622.0,18,Dewasa,1
0.0,1.0,0.0,0.0,0.0,0.0,0.0,0.0,1.0,0.0,0.0,98,36,male,2,little,moderate,2337.0,36,Dewasa,1
0.0,0.0,1.0,0.0,1.0,0.0,0.0,0.0,0.0,0.0,0.0,99,36,male,3,little,moderate,7057.0,20,Dewasa,1
0.0,0.0,1.0,0.0,1.0,0.0,0.0,0.0,0.0,0.0,0.0,100,41,male,1,moderate,little,1469.0,24,Paruh Baya,1
0.0,0.0,1.0,0.0,0.0,0.0,0.0,0.0,1.0,0.0,0.0,101,24,male,2,little,moderate,2323.0,36,Muda,1
0.0,1.0,0.0,0.0,0.0,0.0,0.0,0.0,1.0,0.0,0.0,102,24,female,2,little,little,932.0,6,Muda,0
0.0,0.0,1.0,0.0,0.0,0.0,0.0,1.0,0.0,0.0,0.0,103,35,male,2,little,moderate,1919.0,9,Dewasa,1
0.0,0.0,1.0,0.0,1.0,0.0,0.0,0.0,0.0,0.0,0.0,104,26,male,2,little,little,2445.0,12,Dewasa,1
0.0,1.0,0.0,0.0,0.0,0.0,0.0,0.0,0.0,0.0,1.0,105,39,male,3,little,moderate,9162.699999999995,24,Dewasa,1
0.0,1.0,0.0,0.0,1.0,0.0,0.0,0.0,0.0,0.0,0.0,106,39,male,3,little,little,6458.0,18,Dewasa,1
0.0,1.0,0.0,0.0,1.0,0.0,0.0,0.0,0.0,0.0,0.0,107,32,male,2,little,moderate,6078.0,12,Dewasa,1
0.0,1.0,0.0,0.0,0.0,0.0,0.0,1.0,0.0,0.0,0.0,108,30,female,2,little,little,7721.0,24,Dewasa,0
0.0,1.0,0.0,1.0,0.0,0.0,0.0,0.0,0.0,0.0,0.0,109,35,male,2,quite rich,moderate,1410.0,14,Dewasa,1
0.0,1.0,0.0,1.0,0.0,0.0,0.0,0.0,0.0,0.0,0.0,110,31,male,2,moderate,moderate,1449.0,6,Dewasa,1
0.0,0.0,1.0,0.0,0.0,0.0,1.0,0.0,0.0,0.0,0.0,111,23,female,2,little,rich,708.95,15,Muda,0
0.0,0.0,1.0,0.0,1.0,0.0,0.0,0.0,0.0,0.0,0.0,112,28,male,1,little,moderate,6260.0,18,Dewasa,1
0.0,1.0,0.0,0.0,1.0,0.0,0.0,0.0,0.0,0.0,0.0,113,25,female,2,little,little,7855.0,36,Muda,0
0.0,1.0,0.0,0.0,0.0,0.0,0.0,0.0,1.0,0.0,0.0,114,35,male,2,quite rich,little,1680.0,12,Dewasa,1
0.0,1.0,0.0,0.0,0.0,0.0,0.0,0.0,1.0,0.0,0.0,115,47,male,2,little,little,3578.0,48,Paruh Baya,1
0.0,1.0,0.0,0.0,0.0,0.0,0.0,0.0,1.0,0.0,0.0,116,30,female,3,little,little,7174.0,42,Dewasa,0
0.0,0.0,1.0,0.0,0.0,0.0,0.0,1.0,0.0,0.0,0.0,117,27,female,2,little,little,2132.0,10,Dewasa,0
0.0,1.0,0.0,0.0,0.0,0.0,0.0,1.0,0.0,0.0,0.0,118,23,female,2,quite rich,little,4281.0,33,Muda,0
0.0,1.0,0.0,0.0,1.0,0.0,0.0,0.0,0.0,0.0,0.0,119,36,male,3,quite rich,moderate,2366.0,12,Dewasa,1
0.0,1.0,0.0,0.0,0.0,0.0,0.0,0.0,1.0,0.0,0.0,120,25,female,2,little,little,1835.0,21,Muda,0
0.0,0.0,1.0,0.0,1.0,0.0,0.0,0.0,0.0,0.0,0.0,121,41,female,3,little,little,3868.0,24,Paruh Baya,0
0.0,0.0,1.0,0.0,0.0,0.0,0.0,1.0,0.0,0.0,0.0,122,24,male,1,little,little,1768.0,12,Muda,1
1.0,0.0,0.0,0.0,1.0,0.0,0.0,0.0,0.0,0.0,0.0,123,63,male,2,little,rich,781.0,10,Senior,1
0.0,0.0,1.0,0.0,0.0,0.0,0.0,1.0,0.0,0.0,0.0,124,27,female,2,little,moderate,1924.0,18,Dewasa,0
0.0,1.0,0.0,0.0,1.0,0.0,0.0,0.0,0.0,0.0,0.0,125,30,male,2,little,little,2121.0,12,Dewasa,1
0.0,1.0,0.0,0.0,0.0,0.0,0.0,0.0,1.0,0.0,0.0,126,40,male,1,little,little,708.95,12,Dewasa,1
0.0,1.0,0.0,0.0,0.0,0.0,0.0,0.0,0.0,1.0,0.0,127,30,male,2,little,moderate,708.95,12,Dewasa,1
0.0,1.0,0.0,0.0,1.0,0.0,0.0,0.0,0.0,0.0,0.0,128,34,male,3,little,moderate,1860.0,12,Dewasa,1
0.0,1.0,0.0,0.0,1.0,0.0,0.0,0.0,0.0,0.0,0.0,129,29,female,2,little,little,3499.0,12,Dewasa,0
0.0,1.0,0.0,0.0,1.0,0.0,0.0,0.0,0.0,0.0,0.0,130,24,female,2,little,moderate,8487.0,48,Muda,0
0.0,1.0,0.0,0.0,0.0,0.0,1.0,0.0,0.0,0.0,0.0,131,29,male,2,little,little,6887.0,36,Dewasa,1
0.0,1.0,0.0,0.0,0.0,0.0,0.0,1.0,0.0,0.0,0.0,132,27,male,1,little,little,2708.0,15,Dewasa,1
1.0,0.0,0.0,0.0,0.0,0.0,0.0,1.0,0.0,0.0,0.0,133,47,male,2,little,little,1984.0,18,Paruh Baya,1
0.0,1.0,0.0,0.0,0.0,0.0,0.0,0.0,1.0,0.0,0.0,134,21,female,2,moderate,little,9162.699999999995,60,Muda,0
0.0,1.0,0.0,0.0,0.0,0.0,0.0,0.0,1.0,0.0,0.0,135,38,female,2,little,little,1240.0,12,Dewasa,0
0.0,1.0,0.0,0.0,1.0,0.0,0.0,0.0,0.0,0.0,0.0,136,27,male,2,rich,little,8613.0,27,Dewasa,1
0.0,1.0,0.0,0.0,0.0,0.0,0.0,0.0,1.0,0.0,0.0,137,66,male,1,quite rich,moderate,766.0,12,Senior,1
0.0,1.0,0.0,0.0,0.0,0.0,0.0,0.0,1.0,0.0,0.0,138,35,male,2,little,moderate,2728.0,15,Dewasa,1
0.0,0.0,1.0,0.0,0.0,0.0,0.0,0.0,1.0,0.0,0.0,139,44,female,1,little,rich,1881.0,12,Paruh Baya,0
0.0,1.0,0.0,0.0,1.0,0.0,0.0,0.0,0.0,0.0,0.0,140,27,male,0,rich,rich,709.0,6,Dewasa,1
0.0,1.0,0.0,0.0,0.0,0.0,0.0,0.0,1.0,0.0,0.0,141,30,female,3,little,moderate,4795.0,36,Dewasa,0
0.0,1.0,0.0,0.0,0.0,0.0,0.0,0.0,1.0,0.0,0.0,142,27,male,3,little,little,3416.0,27,Dewasa,1
0.0,1.0,0.0,0.0,0.0,0.0,0.0,1.0,0.0,0.0,0.0,143,22,male,2,little,little,2462.0,18,Muda,1
0.0,1.0,0.0,0.0,0.0,0.0,0.0,1.0,0.0,0.0,0.0,144,23,female,2,little,little,2288.0,21,Muda,0
0.0,1.0,0.0,1.0,0.0,0.0,0.0,0.0,0.0,0.0,0.0,145,30,male,2,moderate,moderate,3566.0,48,Dewasa,1
0.0,1.0,0.0,0.0,1.0,0.0,0.0,0.0,0.0,0.0,0.0,146,39,female,2,little,little,860.0,6,Dewasa,0
0.0,1.0,0.0,0.0,1.0,0.0,0.0,0.0,0.0,0.0,0.0,147,51,female,2,moderate,little,708.95,12,Paruh Baya,0
0.0,1.0,0.0,0.0,0.0,0.0,0.0,1.0,0.0,0.0,0.0,148,28,male,2,little,little,5371.0,36,Dewasa,1
0.0,1.0,0.0,0.0,0.0,0.0,0.0,0.0,1.0,0.0,0.0,149,46,male,2,rich,little,1582.0,18,Paruh Baya,1
1.0,0.0,0.0,0.0,0.0,0.0,0.0,0.0,1.0,0.0,0.0,150,42,male,2,moderate,little,1346.0,6,Paruh Baya,1
0.0,1.0,0.0,0.0,0.0,0.0,0.0,0.0,1.0,0.0,0.0,151,38,male,2,little,little,1924.0,10,Dewasa,1
0.0,1.0,0.0,0.0,0.0,0.0,0.0,0.0,1.0,0.0,0.0,152,24,male,2,little,rich,5848.0,36,Muda,1
0.0,0.0,1.0,0.0,1.0,0.0,0.0,0.0,0.0,0.0,0.0,153,29,female,2,rich,moderate,7758.0,24,Dewasa,0
0.0,0.0,1.0,1.0,0.0,0.0,0.0,0.0,0.0,0.0,0.0,154,36,male,3,moderate,moderate,6967.0,24,Dewasa,1
0.0,0.0,1.0,0.0,0.0,0.0,0.0,1.0,0.0,0.0,0.0,155,20,female,2,little,little,1282.0,12,Muda,0
0.0,1.0,0.0,0.0,0.0,0.0,0.0,0.0,0.0,1.0,0.0,156,48,male,2,moderate,little,1288.0,9,Paruh Baya,1
0.0,1.0,0.0,0.0,0.0,0.0,1.0,0.0,0.0,0.0,0.0,157,45,male,1,little,little,708.95,12,Paruh Baya,1
0.0,1.0,0.0,0.0,1.0,0.0,0.0,0.0,0.0,0.0,0.0,158,38,male,2,moderate,moderate,3512.0,24,Dewasa,1
0.0,1.0,0.0,0.0,0.0,0.0,0.0,0.0,1.0,0.0,0.0,159,34,male,1,little,little,1898.0,6,Dewasa,1
0.0,1.0,0.0,0.0,0.0,0.0,0.0,0.0,1.0,0.0,0.0,160,36,male,2,moderate,little,2872.0,24,Dewasa,1
0.0,1.0,0.0,0.0,1.0,0.0,0.0,0.0,0.0,0.0,0.0,161,30,female,2,little,little,1055.0,18,Dewasa,0
0.0,1.0,0.0,0.0,0.0,1.0,0.0,0.0,0.0,0.0,0.0,162,36,male,2,quite rich,little,1262.0,15,Dewasa,1
1.0,0.0,0.0,0.0,1.0,0.0,0.0,0.0,0.0,0.0,0.0,163,70,male,3,little,moderate,7308.0,10,Senior,1
0.0,1.0,0.0,0.0,1.0,0.0,0.0,0.0,0.0,0.0,0.0,164,36,male,2,quite rich,little,909.0,36,Dewasa,1
0.0,1.0,0.0,0.0,0.0,0.0,0.0,1.0,0.0,0.0,0.0,165,32,male,2,quite rich,little,2978.0,6,Dewasa,1
0.0,1.0,0.0,0.0,0.0,0.0,0.0,1.0,0.0,0.0,0.0,166,33,female,2,little,little,1131.0,18,Dewasa,0
0.0,1.0,0.0,0.0,0.0,0.0,0.0,1.0,0.0,0.0,0.0,167,20,female,2,rich,moderate,1577.0,11,Muda,0
0.0,0.0,1.0,0.0,0.0,0.0,0.0,1.0,0.0,0.0,0.0,168,25,female,2,little,little,3972.0,24,Muda,0
0.0,1.0,0.0,1.0,0.0,0.0,0.0,0.0,0.0,0.0,0.0,169,31,male,2,little,moderate,1935.0,24,Dewasa,1
0.0,0.0,1.0,0.0,1.0,0.0,0.0,0.0,0.0,0.0,0.0,170,33,male,2,little,little,950.0,15,Dewasa,1
0.0,1.0,0.0,0.0,0.0,0.0,0.0,1.0,0.0,0.0,0.0,171,26,female,2,little,little,763.0,12,Dewasa,0
0.0,1.0,0.0,0.0,0.0,0.0,0.0,1.0,0.0,0.0,0.0,172,34,female,3,little,moderate,2064.0,24,Dewasa,0
0.0,1.0,0.0,0.0,0.0,0.0,0.0,0.0,1.0,0.0,0.0,173,33,male,2,little,moderate,1414.0,8,Dewasa,1
0.0,1.0,0.0,0.0,0.0,0.0,1.0,0.0,0.0,0.0,0.0,174,26,male,2,little,little,3414.0,21,Dewasa,1
0.0,1.0,0.0,0.0,1.0,0.0,0.0,0.0,0.0,0.0,0.0,175,53,female,3,little,little,7485.0,30,Paruh Baya,0
0.0,1.0,0.0,0.0,0.0,0.0,0.0,1.0,0.0,0.0,0.0,176,42,male,2,little,little,2577.0,12,Paruh Baya,1
0.0,1.0,0.0,0.0,0.0,0.0,0.0,0.0,1.0,0.0,0.0,177,52,male,2,quite rich,little,708.95,6,Paruh Baya,1
0.0,0.0,1.0,0.0,0.0,0.0,0.0,0.0,1.0,0.0,0.0,178,31,male,3,little,little,1963.0,12,Dewasa,1
0.0,1.0,0.0,0.0,1.0,0.0,0.0,0.0,0.0,0.0,0.0,179,65,male,2,little,little,708.95,21,Senior,1
0.0,1.0,0.0,1.0,0.0,0.0,0.0,0.0,0.0,0.0,0.0,180,28,male,2,little,little,9162.699999999995,36,Dewasa,1
0.0,1.0,0.0,1.0,0.0,0.0,0.0,0.0,0.0,0.0,0.0,181,30,male,3,little,moderate,4455.0,36,Dewasa,1
0.0,1.0,0.0,0.0,1.0,0.0,0.0,0.0,0.0,0.0,0.0,182,40,male,1,little,little,1647.0,21,Dewasa,1
0.0,1.0,0.0,0.0,0.0,0.0,0.0,1.0,0.0,0.0,0.0,183,50,male,2,rich,little,3777.0,24,Paruh Baya,1
0.0,1.0,0.0,0.0,1.0,0.0,0.0,0.0,0.0,0.0,0.0,184,36,male,2,little,moderate,884.0,18,Dewasa,1
0.0,1.0,0.0,0.0,0.0,0.0,0.0,0.0,1.0,0.0,0.0,185,31,male,2,little,little,1360.0,15,Dewasa,1
1.0,0.0,0.0,0.0,1.0,0.0,0.0,0.0,0.0,0.0,0.0,186,74,female,3,little,moderate,5129.0,9,Senior,0
1.0,0.0,0.0,0.0,1.0,0.0,0.0,0.0,0.0,0.0,0.0,187,68,male,0,little,moderate,1175.0,16,Senior,1
0.0,1.0,0.0,0.0,0.0,0.0,0.0,0.0,1.0,0.0,0.0,188,20,male,2,moderate,little,708.95,12,Muda,1
0.0,1.0,0.0,0.0,0.0,0.0,0.0,1.0,0.0,0.0,0.0,189,33,female,2,little,moderate,3244.0,18,Dewasa,0
0.0,1.0,0.0,1.0,0.0,0.0,0.0,0.0,0.0,0.0,0.0,190,54,male,3,rich,little,4591.0,24,Paruh Baya,1
1.0,0.0,0.0,1.0,0.0,0.0,0.0,0.0,0.0,0.0,0.0,191,34,male,1,moderate,moderate,3844.0,48,Dewasa,1
0.0,1.0,0.0,1.0,0.0,0.0,0.0,0.0,0.0,0.0,0.0,192,36,male,2,little,moderate,3915.0,27,Dewasa,1
0.0,0.0,1.0,0.0,0.0,0.0,0.0,0.0,1.0,0.0,0.0,193,29,male,2,little,little,2108.0,6,Dewasa,1
0.0,0.0,1.0,0.0,0.0,0.0,0.0,0.0,1.0,0.0,0.0,194,21,male,2,moderate,moderate,3031.0,45,Muda,1
0.0,1.0,0.0,0.0,0.0,0.0,1.0,0.0,0.0,0.0,0.0,195,34,female,3,little,moderate,1501.0,9,Dewasa,0
0.0,1.0,0.0,0.0,0.0,0.0,0.0,0.0,1.0,0.0,0.0,196,28,female,2,little,little,1382.0,6,Dewasa,0
0.0,0.0,1.0,0.0,0.0,0.0,0.0,1.0,0.0,0.0,0.0,197,27,female,2,moderate,moderate,951.0,12,Dewasa,0
1.0,0.0,0.0,0.0,1.0,0.0,0.0,0.0,0.0,0.0,0.0,198,36,male,2,little,moderate,2760.0,24,Dewasa,1
0.0,1.0,0.0,0.0,0.0,0.0,0.0,1.0,0.0,0.0,0.0,199,40,male,3,little,moderate,4297.0,18,Dewasa,1
0.0,1.0,0.0,0.0,0.0,0.0,1.0,0.0,0.0,0.0,0.0,200,52,male,2,quite rich,little,936.0,9,Paruh Baya,1
0.0,1.0,0.0,0.0,1.0,0.0,0.0,0.0,0.0,0.0,0.0,201,27,male,1,little,little,1168.0,12,Dewasa,1
0.0,1.0,0.0,1.0,0.0,0.0,0.0,0.0,0.0,0.0,0.0,202,26,male,2,little,little,5117.0,27,Dewasa,1
0.0,0.0,1.0,0.0,0.0,0.0,1.0,0.0,0.0,0.0,0.0,203,21,male,2,little,little,902.0,12,Muda,1
0.0,1.0,0.0,0.0,1.0,0.0,0.0,0.0,0.0,0.0,0.0,204,38,male,1,little,little,1495.0,12,Dewasa,1
1.0,0.0,0.0,0.0,1.0,0.0,0.0,0.0,0.0,0.0,0.0,205,38,male,3,little,little,9162.699999999995,30,Dewasa,1
0.0,1.0,0.0,0.0,0.0,0.0,0.0,1.0,0.0,0.0,0.0,206,43,male,2,little,little,1935.0,12,Paruh Baya,1
0.0,1.0,0.0,0.0,0.0,1.0,0.0,0.0,0.0,0.0,0.0,207,26,male,2,little,moderate,1424.0,12,Dewasa,1
0.0,1.0,0.0,1.0,0.0,0.0,0.0,0.0,0.0,0.0,0.0,208,21,male,1,little,little,6568.0,24,Muda,1
0.0,1.0,0.0,0.0,1.0,0.0,0.0,0.0,0.0,0.0,0.0,209,55,male,2,rich,little,1413.0,12,Paruh Baya,1
0.0,1.0,0.0,0.0,0.0,0.0,0.0,0.0,1.0,0.0,0.0,210,33,male,2,little,little,3074.0,9,Dewasa,1
0.0,1.0,0.0,0.0,0.0,0.0,0.0,0.0,1.0,0.0,0.0,211,45,female,1,little,little,3835.0,36,Paruh Baya,0
0.0,1.0,0.0,1.0,0.0,0.0,0.0,0.0,0.0,0.0,0.0,212,50,male,2,little,little,5293.0,27,Paruh Baya,1
0.0,1.0,0.0,1.0,0.0,0.0,0.0,0.0,0.0,0.0,0.0,213,66,male,3,little,rich,1908.0,30,Senior,1
0.0,1.0,0.0,0.0,0.0,0.0,0.0,0.0,1.0,0.0,0.0,214,51,male,2,little,little,3342.0,36,Paruh Baya,1
0.0,1.0,0.0,0.0,0.0,0.0,1.0,0.0,0.0,0.0,0.0,215,39,female,1,little,moderate,932.0,6,Dewasa,0
0.0,1.0,0.0,1.0,0.0,0.0,0.0,0.0,0.0,0.0,0.0,216,31,male,2,little,little,3104.0,18,Dewasa,1
0.0,1.0,0.0,0.0,0.0,0.0,0.0,0.0,1.0,0.0,0.0,217,23,male,2,little,rich,3913.0,36,Muda,1
0.0,0.0,1.0,0.0,0.0,0.0,0.0,1.0,0.0,0.0,0.0,218,24,male,1,little,little,3021.0,24,Muda,1
0.0,1.0,0.0,0.0,1.0,0.0,0.0,0.0,0.0,0.0,0.0,219,64,female,2,little,little,1364.0,10,Senior,0
0.0,1.0,0.0,0.0,0.0,0.0,0.0,0.0,1.0,0.0,0.0,220,26,male,1,little,moderate,708.95,12,Dewasa,1
0.0,0.0,1.0,0.0,0.0,0.0,1.0,0.0,0.0,0.0,0.0,221,23,female,2,little,little,1200.0,12,Muda,0
0.0,1.0,0.0,0.0,0.0,0.0,0.0,0.0,1.0,0.0,0.0,222,30,male,2,little,little,708.95,12,Dewasa,1
0.0,1.0,0.0,1.0,0.0,0.0,0.0,0.0,0.0,0.0,0.0,223,32,male,2,little,little,2978.0,24,Dewasa,1
0.0,1.0,0.0,0.0,1.0,0.0,0.0,0.0,0.0,0.0,0.0,224,30,male,2,little,little,4657.0,15,Dewasa,1
0.0,1.0,0.0,0.0,0.0,0.0,0.0,0.0,0.0,1.0,0.0,225,27,male,2,little,little,2613.0,36,Dewasa,1
0.0,1.0,0.0,0.0,0.0,0.0,0.0,0.0,1.0,0.0,0.0,226,27,male,2,rich,moderate,9162.699999999995,48,Dewasa,1
1.0,0.0,0.0,0.0,0.0,0.0,0.0,1.0,0.0,0.0,0.0,227,53,male,3,little,little,7865.0,12,Paruh Baya,1
0.0,1.0,0.0,0.0,0.0,0.0,0.0,0.0,1.0,0.0,0.0,228,22,male,2,little,little,1478.0,9,Muda,1
1.0,0.0,0.0,0.0,0.0,0.0,0.0,1.0,0.0,0.0,0.0,229,22,male,2,little,little,3149.0,24,Muda,1
0.0,1.0,0.0,0.0,0.0,0.0,0.0,0.0,1.0,0.0,0.0,230,26,male,2,little,rich,4210.0,36,Dewasa,1
1.0,0.0,0.0,0.0,1.0,0.0,0.0,0.0,0.0,0.0,0.0,231,51,male,1,quite rich,little,2507.0,9,Paruh Baya,1
0.0,1.0,0.0,0.0,0.0,0.0,0.0,0.0,1.0,0.0,0.0,232,35,male,2,moderate,little,2141.0,12,Dewasa,1
0.0,1.0,0.0,0.0,0.0,0.0,0.0,0.0,1.0,0.0,0.0,233,25,male,1,little,moderate,866.0,18,Muda,1
0.0,1.0,0.0,0.0,0.0,0.0,0.0,0.0,1.0,0.0,0.0,234,42,male,1,little,little,1544.0,4,Paruh Baya,1
0.0,1.0,0.0,0.0,0.0,0.0,0.0,0.0,1.0,0.0,0.0,235,30,male,3,little,little,1823.0,24,Dewasa,1
0.0,1.0,0.0,0.0,1.0,0.0,0.0,0.0,0.0,0.0,0.0,236,23,male,0,little,moderate,9162.699999999995,6,Muda,1
0.0,0.0,1.0,1.0,0.0,0.0,0.0,0.0,0.0,0.0,0.0,237,61,male,1,moderate,moderate,2767.0,21,Senior,1
0.0,1.0,0.0,0.0,0.0,0.0,0.0,0.0,1.0,0.0,0.0,238,35,female,2,little,little,1291.0,12,Dewasa,0
0.0,1.0,0.0,0.0,0.0,0.0,0.0,0.0,1.0,0.0,0.0,239,39,male,2,little,little,2522.0,30,Dewasa,1
0.0,1.0,0.0,0.0,1.0,0.0,0.0,0.0,0.0,0.0,0.0,240,29,female,2,little,little,915.0,24,Dewasa,0
0.0,1.0,0.0,0.0,0.0,0.0,0.0,0.0,1.0,0.0,0.0,241,51,male,2,little,little,1595.0,6,Paruh Baya,1
1.0,0.0,0.0,0.0,1.0,0.0,0.0,0.0,0.0,0.0,0.0,242,24,male,2,little,little,4605.0,48,Muda,1
0.0,1.0,0.0,1.0,0.0,0.0,0.0,0.0,0.0,0.0,0.0,243,27,female,2,little,little,1185.0,12,Dewasa,0
0.0,1.0,0.0,0.0,0.0,0.0,1.0,0.0,0.0,0.0,0.0,244,35,female,1,quite rich,little,3447.0,12,Dewasa,0
0.0,1.0,0.0,1.0,0.0,0.0,0.0,0.0,0.0,0.0,0.0,245,25,male,2,little,little,1258.0,24,Muda,1
0.0,1.0,0.0,0.0,0.0,0.0,0.0,0.0,1.0,0.0,0.0,246,52,male,2,little,little,717.0,12,Paruh Baya,1
0.0,0.0,1.0,0.0,1.0,0.0,0.0,0.0,0.0,0.0,0.0,247,35,male,2,moderate,little,1204.0,6,Dewasa,1
0.0,1.0,0.0,0.0,0.0,0.0,0.0,1.0,0.0,0.0,0.0,248,26,male,2,little,rich,1925.0,24,Dewasa,1
0.0,0.0,1.0,0.0,0.0,0.0,0.0,0.0,1.0,0.0,0.0,249,22,female,2,little,little,708.95,18,Muda,0
0.0,1.0,0.0,0.0,1.0,0.0,0.0,0.0,0.0,0.0,0.0,250,39,female,1,rich,little,708.95,6,Dewasa,0
0.0,1.0,0.0,0.0,0.0,0.0,0.0,1.0,0.0,0.0,0.0,251,46,female,1,little,rich,2251.0,12,Paruh Baya,0
0.0,1.0,0.0,0.0,1.0,0.0,0.0,0.0,0.0,0.0,0.0,252,24,female,2,little,moderate,2150.0,30,Muda,0
0.0,1.0,0.0,0.0,0.0,0.0,0.0,1.0,0.0,0.0,0.0,253,35,male,2,moderate,little,4151.0,24,Dewasa,1
0.0,1.0,0.0,0.0,0.0,0.0,0.0,1.0,0.0,0.0,0.0,254,24,male,2,little,moderate,2030.0,9,Muda,1
0.0,1.0,0.0,0.0,0.0,0.0,0.0,0.0,1.0,0.0,0.0,255,27,male,1,little,moderate,7418.0,60,Dewasa,1
0.0,1.0,0.0,0.0,0.0,0.0,0.0,0.0,1.0,0.0,0.0,256,35,male,1,little,little,2684.0,24,Dewasa,1
1.0,0.0,0.0,0.0,0.0,0.0,0.0,0.0,1.0,0.0,0.0,257,29,male,2,little,little,2149.0,12,Dewasa,1
0.0,1.0,0.0,0.0,1.0,0.0,0.0,0.0,0.0,0.0,0.0,258,23,female,2,moderate,little,3812.0,15,Muda,0
0.0,1.0,0.0,0.0,0.0,0.0,0.0,0.0,1.0,0.0,0.0,259,57,female,1,moderate,little,1154.0,11,Paruh Baya,0
0.0,1.0,0.0,0.0,0.0,0.0,0.0,1.0,0.0,0.0,0.0,260,27,male,2,little,little,1657.0,12,Dewasa,1
0.0,1.0,0.0,0.0,0.0,0.0,0.0,0.0,1.0,0.0,0.0,261,55,female,2,little,little,1603.0,24,Paruh Baya,0
1.0,0.0,0.0,0.0,1.0,0.0,0.0,0.0,0.0,0.0,0.0,262,36,male,3,little,little,5302.0,18,Dewasa,1
1.0,0.0,0.0,0.0,0.0,0.0,1.0,0.0,0.0,0.0,0.0,263,57,female,1,little,little,2748.0,12,Paruh Baya,0
0.0,1.0,0.0,0.0,1.0,0.0,0.0,0.0,0.0,0.0,0.0,264,32,male,1,little,little,1231.0,10,Dewasa,1
0.0,1.0,0.0,0.0,0.0,0.0,0.0,0.0,1.0,0.0,0.0,265,37,male,2,little,moderate,802.0,15,Dewasa,1
0.0,1.0,0.0,1.0,0.0,0.0,0.0,0.0,0.0,0.0,0.0,266,36,male,2,little,little,6304.0,36,Dewasa,1
0.0,1.0,0.0,0.0,0.0,0.0,0.0,0.0,1.0,0.0,0.0,267,38,female,2,little,little,1533.0,24,Dewasa,0
0.0,1.0,0.0,0.0,1.0,0.0,0.0,0.0,0.0,0.0,0.0,268,45,male,3,little,little,8978.0,14,Paruh Baya,1
0.0,1.0,0.0,0.0,0.0,0.0,0.0,0.0,1.0,0.0,0.0,269,25,male,2,little,little,999.0,24,Muda,1
0.0,1.0,0.0,0.0,1.0,0.0,0.0,0.0,0.0,0.0,0.0,270,32,male,2,little,little,2662.0,18,Dewasa,1
0.0,0.0,1.0,0.0,0.0,0.0,0.0,1.0,0.0,0.0,0.0,271,37,female,2,quite rich,little,1402.0,12,Dewasa,0
1.0,0.0,0.0,0.0,1.0,0.0,0.0,0.0,0.0,0.0,0.0,272,36,male,3,little,moderate,9162.699999999995,48,Dewasa,1
0.0,1.0,0.0,0.0,0.0,0.0,0.0,0.0,1.0,0.0,0.0,273,28,male,2,little,moderate,3060.0,48,Dewasa,1
0.0,1.0,0.0,0.0,0.0,0.0,0.0,0.0,0.0,1.0,0.0,274,34,male,1,little,little,9162.699999999995,30,Dewasa,1
0.0,1.0,0.0,0.0,0.0,0.0,0.0,0.0,1.0,0.0,0.0,275,32,male,2,little,little,2697.0,9,Dewasa,1
0.0,1.0,0.0,0.0,0.0,0.0,0.0,0.0,1.0,0.0,0.0,276,26,female,2,little,little,2404.0,18,Dewasa,0
0.0,1.0,0.0,0.0,0.0,0.0,0.0,1.0,0.0,0.0,0.0,277,49,male,1,little,little,1262.0,12,Paruh Baya,1
0.0,1.0,0.0,0.0,0.0,0.0,0.0,1.0,0.0,0.0,0.0,278,32,female,2,little,little,4611.0,6,Dewasa,0
0.0,0.0,1.0,0.0,0.0,0.0,0.0,0.0,1.0,0.0,0.0,279,29,male,3,moderate,little,1901.0,24,Dewasa,1
0.0,0.0,1.0,0.0,1.0,0.0,0.0,0.0,0.0,0.0,0.0,280,23,male,2,rich,little,3368.0,15,Muda,1
0.0,1.0,0.0,0.0,0.0,0.0,0.0,1.0,0.0,0.0,0.0,281,50,male,2,little,little,1574.0,12,Paruh Baya,1
0.0,1.0,0.0,0.0,0.0,0.0,0.0,0.0,1.0,0.0,0.0,282,49,male,1,little,rich,1445.0,18,Paruh Baya,1
0.0,1.0,0.0,0.0,0.0,0.0,0.0,1.0,0.0,0.0,0.0,283,63,male,2,little,little,1520.0,15,Senior,1
0.0,1.0,0.0,0.0,1.0,0.0,0.0,0.0,0.0,0.0,0.0,284,37,male,2,moderate,moderate,3878.0,24,Dewasa,1
0.0,1.0,0.0,0.0,1.0,0.0,0.0,0.0,0.0,0.0,0.0,285,35,female,1,little,little,9162.699999999995,47,Dewasa,0
0.0,1.0,0.0,0.0,1.0,0.0,0.0,0.0,0.0,0.0,0.0,286,26,male,2,little,little,4788.0,48,Dewasa,1
1.0,0.0,0.0,0.0,0.0,0.0,0.0,0.0,0.0,0.0,1.0,287,31,male,3,moderate,moderate,7582.0,48,Dewasa,1
0.0,1.0,0.0,0.0,0.0,0.0,0.0,0.0,1.0,0.0,0.0,288,49,female,2,little,moderate,1092.0,12,Paruh Baya,0
0.0,1.0,0.0,0.0,0.0,0.0,0.0,0.0,1.0,0.0,0.0,289,48,male,2,little,little,1024.0,24,Paruh Baya,1
0.0,1.0,0.0,1.0,0.0,0.0,0.0,0.0,0.0,0.0,0.0,290,26,male,2,little,little,1076.0,12,Dewasa,1
0.0,0.0,1.0,0.0,1.0,0.0,0.0,0.0,0.0,0.0,0.0,291,28,male,3,little,moderate,9162.699999999995,36,Dewasa,1
1.0,0.0,0.0,0.0,1.0,0.0,0.0,0.0,0.0,0.0,0.0,292,44,female,3,little,little,6419.0,24,Paruh Baya,0
1.0,0.0,0.0,0.0,1.0,0.0,0.0,0.0,0.0,0.0,0.0,293,56,male,2,little,rich,4796.0,42,Paruh Baya,1
0.0,1.0,0.0,1.0,0.0,0.0,0.0,0.0,0.0,0.0,0.0,294,46,male,3,little,little,7629.0,48,Paruh Baya,1
0.0,1.0,0.0,0.0,0.0,0.0,0.0,1.0,0.0,0.0,0.0,295,26,female,2,little,moderate,9162.699999999995,48,Dewasa,0
0.0,0.0,1.0,0.0,1.0,0.0,0.0,0.0,0.0,0.0,0.0,296,20,female,2,little,little,4675.0,12,Muda,0
0.0,1.0,0.0,0.0,1.0,0.0,0.0,0.0,0.0,0.0,0.0,297,45,male,1,little,little,1287.0,10,Paruh Baya,1
0.0,1.0,0.0,0.0,0.0,0.0,0.0,1.0,0.0,0.0,0.0,298,43,male,2,little,little,2515.0,18,Paruh Baya,1
0.0,1.0,0.0,0.0,0.0,0.0,0.0,1.0,0.0,0.0,0.0,299,32,male,2,rich,moderate,2745.0,21,Dewasa,1
0.0,1.0,0.0,0.0,1.0,0.0,0.0,0.0,0.0,0.0,0.0,300,54,female,0,little,little,708.95,6,Paruh Baya,0
0.0,1.0,0.0,0.0,0.0,0.0,0.0,0.0,1.0,0.0,0.0,301,42,female,2,little,moderate,3804.0,36,Paruh Baya,0
0.0,1.0,0.0,0.0,1.0,0.0,0.0,0.0,0.0,0.0,0.0,302,37,male,1,little,rich,1344.0,24,Dewasa,1
0.0,1.0,0.0,0.0,1.0,0.0,0.0,0.0,0.0,0.0,0.0,303,49,male,2,little,little,1038.0,10,Paruh Baya,1
1.0,0.0,0.0,0.0,1.0,0.0,0.0,0.0,0.0,0.0,0.0,304,44,male,2,quite rich,little,9162.699999999995,48,Paruh Baya,1
0.0,1.0,0.0,0.0,0.0,0.0,0.0,1.0,0.0,0.0,0.0,305,33,male,2,rich,little,1543.0,6,Dewasa,1
0.0,0.0,1.0,0.0,1.0,0.0,0.0,0.0,0.0,0.0,0.0,306,24,female,1,little,little,4811.0,30,Muda,0
0.0,1.0,0.0,0.0,0.0,0.0,0.0,0.0,1.0,0.0,0.0,307,33,male,1,moderate,little,727.0,12,Dewasa,1
0.0,1.0,0.0,0.0,0.0,0.0,0.0,1.0,0.0,0.0,0.0,308,24,female,2,little,moderate,1237.0,8,Muda,0
0.0,0.0,1.0,0.0,1.0,0.0,0.0,0.0,0.0,0.0,0.0,309,22,male,1,little,moderate,708.95,9,Muda,1
1.0,0.0,0.0,0.0,0.0,0.0,0.0,0.0,0.0,0.0,1.0,310,40,male,0,little,moderate,5381.0,48,Dewasa,1
0.0,1.0,0.0,0.0,0.0,0.0,0.0,1.0,0.0,0.0,0.0,311,25,male,2,moderate,little,5511.0,24,Muda,1
0.0,1.0,0.0,0.0,0.0,0.0,0.0,1.0,0.0,0.0,0.0,312,26,female,2,little,rich,3749.0,24,Dewasa,0
0.0,1.0,0.0,0.0,1.0,0.0,0.0,0.0,0.0,0.0,0.0,313,25,male,1,little,moderate,708.95,12,Muda,1
0.0,1.0,0.0,0.0,1.0,0.0,0.0,0.0,0.0,0.0,0.0,314,29,male,1,little,rich,1494.0,4,Dewasa,1
0.0,1.0,0.0,0.0,0.0,0.0,0.0,1.0,0.0,0.0,0.0,315,31,male,2,little,little,2746.0,36,Dewasa,1
0.0,1.0,0.0,0.0,0.0,0.0,0.0,1.0,0.0,0.0,0.0,316,38,male,1,little,little,708.95,12,Dewasa,1
0.0,1.0,0.0,0.0,0.0,0.0,0.0,1.0,0.0,0.0,0.0,317,48,female,1,little,moderate,4351.0,24,Paruh Baya,0
0.0,1.0,0.0,0.0,0.0,0.0,1.0,0.0,0.0,0.0,0.0,318,32,male,2,little,little,708.95,12,Dewasa,1
0.0,1.0,0.0,0.0,0.0,0.0,0.0,1.0,0.0,0.0,0.0,319,27,female,1,little,little,3643.0,15,Dewasa,0
0.0,1.0,0.0,0.0,1.0,0.0,0.0,0.0,0.0,0.0,0.0,320,28,male,3,little,moderate,4249.0,30,Dewasa,1
0.0,1.0,0.0,0.0,0.0,0.0,0.0,0.0,1.0,0.0,0.0,321,32,male,2,little,little,1938.0,24,Dewasa,1
1.0,0.0,0.0,0.0,1.0,0.0,0.0,0.0,0.0,0.0,0.0,322,34,male,3,little,little,2910.0,24,Dewasa,1
0.0,1.0,0.0,0.0,0.0,0.0,0.0,1.0,0.0,0.0,0.0,323,28,male,2,rich,little,2659.0,18,Dewasa,1
0.0,1.0,0.0,0.0,1.0,0.0,0.0,0.0,0.0,0.0,0.0,324,36,female,2,little,little,1028.0,18,Dewasa,0
0.0,1.0,0.0,0.0,1.0,0.0,0.0,0.0,0.0,0.0,0.0,325,39,male,1,little,little,3398.0,8,Dewasa,1
0.0,0.0,1.0,0.0,0.0,0.0,0.0,1.0,0.0,0.0,0.0,326,49,male,2,little,little,5801.0,12,Paruh Baya,1
0.0,1.0,0.0,0.0,1.0,0.0,0.0,0.0,0.0,0.0,0.0,327,34,female,2,rich,little,1525.0,24,Dewasa,0
0.0,1.0,0.0,0.0,0.0,0.0,0.0,0.0,1.0,0.0,0.0,328,31,male,2,little,rich,4473.0,36,Dewasa,1
0.0,1.0,0.0,0.0,0.0,0.0,0.0,0.0,1.0,0.0,0.0,329,28,male,2,little,moderate,1068.0,6,Dewasa,1
1.0,0.0,0.0,0.0,1.0,0.0,0.0,0.0,0.0,0.0,0.0,330,75,male,3,little,little,6615.0,24,Senior,1
0.0,1.0,0.0,0.0,0.0,0.0,1.0,0.0,0.0,0.0,0.0,331,30,female,2,moderate,little,1864.0,18,Dewasa,0
0.0,1.0,0.0,0.0,1.0,0.0,0.0,0.0,0.0,0.0,0.0,332,24,female,3,moderate,moderate,7408.0,60,Muda,0
0.0,0.0,1.0,0.0,1.0,0.0,0.0,0.0,0.0,0.0,0.0,333,24,female,1,moderate,little,9162.699999999995,48,Muda,0
0.0,0.0,1.0,0.0,0.0,0.0,0.0,1.0,0.0,0.0,0.0,334,23,male,2,little,little,4110.0,24,Muda,1
0.0,0.0,1.0,0.0,0.0,0.0,0.0,1.0,0.0,0.0,0.0,335,44,male,3,little,little,3384.0,6,Paruh Baya,1
0.0,1.0,0.0,0.0,0.0,0.0,0.0,0.0,1.0,0.0,0.0,336,23,female,1,little,moderate,2101.0,13,Muda,0
0.0,0.0,1.0,0.0,0.0,1.0,0.0,0.0,0.0,0.0,0.0,337,24,female,2,little,little,1275.0,15,Muda,0
0.0,1.0,0.0,0.0,0.0,0.0,0.0,1.0,0.0,0.0,0.0,338,28,male,2,little,little,4169.0,24,Dewasa,1
0.0,1.0,0.0,0.0,0.0,0.0,0.0,1.0,0.0,0.0,0.0,339,31,male,1,little,moderate,1521.0,10,Dewasa,1
1.0,0.0,0.0,0.0,0.0,0.0,1.0,0.0,0.0,0.0,0.0,340,24,female,2,little,moderate,5743.0,24,Muda,0
0.0,0.0,1.0,0.0,0.0,0.0,0.0,1.0,0.0,0.0,0.0,341,26,female,1,little,little,3599.0,21,Dewasa,0
0.0,0.0,1.0,0.0,0.0,0.0,0.0,0.0,1.0,0.0,0.0,342,25,male,2,quite rich,moderate,3213.0,18,Muda,1
0.0,1.0,0.0,1.0,0.0,0.0,0.0,0.0,0.0,0.0,0.0,343,33,male,3,little,moderate,4439.0,18,Dewasa,1
0.0,1.0,0.0,0.0,1.0,0.0,0.0,0.0,0.0,0.0,0.0,344,37,male,1,little,rich,3949.0,10,Dewasa,1
0.0,1.0,0.0,0.0,0.0,0.0,0.0,0.0,1.0,0.0,0.0,345,43,female,1,little,little,1459.0,15,Paruh Baya,0
0.0,1.0,0.0,0.0,0.0,0.0,0.0,0.0,1.0,0.0,0.0,346,23,male,2,little,moderate,882.0,13,Muda,1
0.0,0.0,1.0,0.0,0.0,0.0,0.0,0.0,1.0,0.0,0.0,347,23,female,0,quite rich,moderate,3758.0,24,Muda,0
0.0,1.0,0.0,1.0,0.0,0.0,0.0,0.0,0.0,0.0,0.0,348,34,male,1,moderate,little,1743.0,6,Dewasa,1
1.0,0.0,0.0,0.0,0.0,0.0,1.0,0.0,0.0,0.0,0.0,349,32,male,2,rich,moderate,1136.0,9,Dewasa,1
0.0,0.0,1.0,0.0,0.0,1.0,0.0,0.0,0.0,0.0,0.0,350,23,female,2,little,little,1236.0,9,Muda,0
0.0,1.0,0.0,0.0,0.0,0.0,0.0,1.0,0.0,0.0,0.0,351,29,female,2,little,moderate,959.0,9,Dewasa,0
0.0,1.0,0.0,0.0,1.0,0.0,0.0,0.0,0.0,0.0,0.0,352,38,male,3,little,little,3229.0,18,Dewasa,1
0.0,0.0,1.0,0.0,0.0,0.0,0.0,0.0,1.0,0.0,0.0,353,28,male,2,little,little,6199.0,12,Dewasa,1
1.0,0.0,0.0,0.0,0.0,0.0,1.0,0.0,0.0,0.0,0.0,354,46,male,2,quite rich,little,727.0,10,Paruh Baya,1
0.0,1.0,0.0,0.0,1.0,0.0,0.0,0.0,0.0,0.0,0.0,355,23,male,1,little,moderate,1246.0,24,Muda,1
0.0,1.0,0.0,0.0,0.0,0.0,0.0,0.0,1.0,0.0,0.0,356,49,male,2,little,little,2331.0,12,Paruh Baya,1
0.0,1.0,0.0,0.0,0.0,0.0,0.0,0.0,1.0,0.0,0.0,357,26,male,3,little,little,4463.0,36,Dewasa,1
0.0,1.0,0.0,0.0,0.0,0.0,0.0,0.0,1.0,0.0,0.0,358,28,male,2,little,little,776.0,12,Dewasa,1
0.0,0.0,1.0,0.0,0.0,0.0,0.0,1.0,0.0,0.0,0.0,359,23,female,2,little,little,2406.0,30,Muda,0
1.0,0.0,0.0,0.0,0.0,0.0,1.0,0.0,0.0,0.0,0.0,360,61,male,2,little,moderate,1239.0,18,Senior,1
0.0,1.0,0.0,0.0,0.0,0.0,0.0,0.0,1.0,0.0,0.0,361,37,male,3,little,rich,3399.0,12,Dewasa,1
0.0,1.0,0.0,0.0,1.0,0.0,0.0,0.0,0.0,0.0,0.0,362,36,female,2,little,rich,2247.0,12,Dewasa,0
0.0,0.0,1.0,0.0,0.0,0.0,0.0,1.0,0.0,0.0,0.0,363,21,male,2,little,little,1766.0,6,Muda,1
0.0,1.0,0.0,0.0,0.0,0.0,0.0,1.0,0.0,0.0,0.0,364,25,male,0,little,little,2473.0,18,Muda,1
0.0,1.0,0.0,1.0,0.0,0.0,0.0,0.0,0.0,0.0,0.0,365,36,male,2,little,little,1542.0,12,Dewasa,1
0.0,1.0,0.0,0.0,1.0,0.0,0.0,0.0,0.0,0.0,0.0,366,27,male,2,little,little,3850.0,18,Dewasa,1
0.0,0.0,1.0,0.0,0.0,0.0,0.0,1.0,0.0,0.0,0.0,367,22,female,2,little,little,3650.0,18,Muda,0
0.0,1.0,0.0,0.0,0.0,0.0,0.0,1.0,0.0,0.0,0.0,368,42,male,2,little,little,3446.0,36,Paruh Baya,1
0.0,0.0,1.0,0.0,0.0,0.0,0.0,1.0,0.0,0.0,0.0,369,40,female,2,little,moderate,3001.0,18,Dewasa,0
0.0,1.0,0.0,0.0,1.0,0.0,0.0,0.0,0.0,0.0,0.0,370,36,male,2,little,little,3079.0,36,Dewasa,1
0.0,1.0,0.0,0.0,0.0,0.0,0.0,0.0,1.0,0.0,0.0,371,33,male,2,little,little,6070.0,18,Dewasa,1
0.0,0.0,1.0,0.0,0.0,0.0,0.0,1.0,0.0,0.0,0.0,372,23,female,2,little,little,2146.0,10,Muda,0
1.0,0.0,0.0,0.0,1.0,0.0,0.0,0.0,0.0,0.0,0.0,373,63,male,3,little,little,9162.699999999995,60,Senior,1
1.0,0.0,0.0,0.0,0.0,0.0,0.0,0.0,0.0,0.0,1.0,374,60,female,3,moderate,moderate,9162.699999999995,60,Paruh Baya,0
0.0,0.0,1.0,1.0,0.0,0.0,0.0,0.0,0.0,0.0,0.0,375,37,female,2,little,little,7685.0,48,Dewasa,0
0.0,1.0,0.0,0.0,0.0,0.0,0.0,0.0,1.0,0.0,0.0,376,34,male,2,little,little,2320.0,18,Dewasa,1
1.0,0.0,0.0,0.0,0.0,0.0,0.0,0.0,1.0,0.0,0.0,377,36,male,2,little,little,846.0,7,Dewasa,1
1.0,0.0,0.0,0.0,1.0,0.0,0.0,0.0,0.0,0.0,0.0,378,57,male,3,little,moderate,9162.699999999995,36,Paruh Baya,1
0.0,1.0,0.0,0.0,1.0,0.0,0.0,0.0,0.0,0.0,0.0,379,52,female,1,moderate,little,708.95,6,Paruh Baya,0
0.0,1.0,0.0,0.0,0.0,0.0,0.0,1.0,0.0,0.0,0.0,380,39,male,2,little,little,2212.0,20,Dewasa,1
1.0,0.0,0.0,0.0,1.0,0.0,0.0,0.0,0.0,0.0,0.0,381,38,female,3,little,moderate,9162.699999999995,18,Dewasa,0
0.0,0.0,1.0,0.0,1.0,0.0,0.0,0.0,0.0,0.0,0.0,382,25,female,2,little,little,1283.0,22,Muda,0
0.0,1.0,0.0,0.0,1.0,0.0,0.0,0.0,0.0,0.0,0.0,383,26,male,2,little,rich,1330.0,12,Dewasa,1
0.0,1.0,0.0,1.0,0.0,0.0,0.0,0.0,0.0,0.0,0.0,384,26,male,1,moderate,little,4272.0,30,Dewasa,1
0.0,1.0,0.0,0.0,0.0,0.0,0.0,0.0,1.0,0.0,0.0,385,25,female,2,little,little,2238.0,18,Muda,0
0.0,0.0,1.0,0.0,0.0,0.0,0.0,0.0,1.0,0.0,0.0,386,21,female,2,little,little,1126.0,18,Muda,0
0.0,1.0,0.0,0.0,0.0,0.0,0.0,1.0,0.0,0.0,0.0,387,40,male,3,little,moderate,7374.0,18,Dewasa,1
0.0,1.0,0.0,1.0,0.0,0.0,0.0,0.0,0.0,0.0,0.0,388,27,male,2,quite rich,moderate,2326.0,15,Dewasa,1
0.0,1.0,0.0,1.0,0.0,0.0,0.0,0.0,0.0,0.0,0.0,389,27,female,2,little,little,1449.0,9,Dewasa,0
0.0,1.0,0.0,0.0,1.0,0.0,0.0,0.0,0.0,0.0,0.0,390,30,male,3,little,little,1820.0,18,Dewasa,1
0.0,0.0,1.0,0.0,0.0,0.0,0.0,1.0,0.0,0.0,0.0,391,19,female,1,rich,moderate,983.0,12,Muda,0
1.0,0.0,0.0,0.0,1.0,0.0,0.0,0.0,0.0,0.0,0.0,392,39,male,3,little,little,3249.0,36,Dewasa,1
0.0,1.0,0.0,0.0,0.0,0.0,0.0,0.0,1.0,0.0,0.0,393,31,female,2,little,little,1957.0,6,Dewasa,0
0.0,1.0,0.0,0.0,0.0,0.0,0.0,1.0,0.0,0.0,0.0,394,31,male,3,little,little,2406.0,9,Dewasa,1
0.0,0.0,1.0,0.0,0.0,0.0,1.0,0.0,0.0,0.0,0.0,395,32,male,2,moderate,moderate,9162.699999999995,39,Dewasa,1
1.0,0.0,0.0,0.0,0.0,0.0,0.0,1.0,0.0,0.0,0.0,396,55,female,3,little,little,2578.0,12,Paruh Baya,0
0.0,1.0,0.0,0.0,0.0,0.0,0.0,1.0,0.0,0.0,0.0,397,46,male,2,little,little,2348.0,36,Paruh Baya,1
0.0,0.0,1.0,0.0,1.0,0.0,0.0,0.0,0.0,0.0,0.0,398,46,male,2,little,moderate,1223.0,12,Paruh Baya,1
0.0,1.0,0.0,0.0,0.0,0.0,0.0,0.0,1.0,0.0,0.0,399,43,female,1,rich,little,1516.0,24,Paruh Baya,0
0.0,1.0,0.0,0.0,0.0,0.0,0.0,0.0,1.0,0.0,0.0,400,39,male,2,little,little,1473.0,18,Dewasa,1
0.0,1.0,0.0,1.0,0.0,0.0,0.0,0.0,0.0,0.0,0.0,401,28,male,2,little,moderate,1887.0,18,Dewasa,1
0.0,1.0,0.0,1.0,0.0,0.0,0.0,0.0,0.0,0.0,0.0,402,27,male,2,little,little,8648.0,24,Dewasa,1
0.0,1.0,0.0,0.0,1.0,0.0,0.0,0.0,0.0,0.0,0.0,403,27,male,1,little,little,802.0,14,Dewasa,1
0.0,1.0,0.0,0.0,1.0,0.0,0.0,0.0,0.0,0.0,0.0,404,43,male,2,little,moderate,2899.0,18,Paruh Baya,1
0.0,1.0,0.0,0.0,0.0,0.0,0.0,0.0,1.0,0.0,0.0,405,22,male,2,little,moderate,2039.0,24,Muda,1
0.0,1.0,0.0,0.0,1.0,0.0,0.0,0.0,0.0,0.0,0.0,406,43,male,2,little,little,2197.0,24,Paruh Baya,1
0.0,1.0,0.0,0.0,0.0,0.0,0.0,0.0,1.0,0.0,0.0,407,27,male,2,little,little,1053.0,15,Dewasa,1
0.0,1.0,0.0,0.0,0.0,0.0,0.0,0.0,1.0,0.0,0.0,408,26,male,3,quite rich,little,3235.0,24,Dewasa,1
0.0,1.0,0.0,0.0,1.0,0.0,0.0,0.0,0.0,0.0,0.0,409,28,male,2,quite rich,rich,939.0,12,Dewasa,1
0.0,1.0,0.0,0.0,0.0,0.0,0.0,0.0,1.0,0.0,0.0,410,20,female,2,little,moderate,1967.0,24,Muda,0
0.0,1.0,0.0,0.0,1.0,0.0,0.0,0.0,0.0,0.0,0.0,411,35,male,3,little,little,7253.0,33,Dewasa,1
0.0,1.0,0.0,1.0,0.0,0.0,0.0,0.0,0.0,0.0,0.0,412,42,male,3,little,little,2292.0,12,Paruh Baya,1
0.0,0.0,1.0,0.0,1.0,0.0,0.0,0.0,0.0,0.0,0.0,413,40,male,1,quite rich,little,1597.0,10,Dewasa,1
0.0,1.0,0.0,0.0,1.0,0.0,0.0,0.0,0.0,0.0,0.0,414,35,female,2,little,little,1381.0,24,Dewasa,0
0.0,1.0,0.0,0.0,1.0,0.0,0.0,0.0,0.0,0.0,0.0,415,35,male,2,little,little,5842.0,36,Dewasa,1
0.0,1.0,0.0,0.0,1.0,0.0,0.0,0.0,0.0,0.0,0.0,416,33,male,1,little,little,2579.0,12,Dewasa,1
0.0,0.0,1.0,0.0,0.0,0.0,1.0,0.0,0.0,0.0,0.0,417,23,female,2,little,little,8471.0,18,Muda,0
0.0,1.0,0.0,0.0,1.0,0.0,0.0,0.0,0.0,0.0,0.0,418,31,female,3,quite rich,little,2782.0,21,Dewasa,0
0.0,1.0,0.0,0.0,1.0,0.0,0.0,0.0,0.0,0.0,0.0,419,33,female,2,little,moderate,1042.0,18,Dewasa,0
0.0,0.0,1.0,0.0,1.0,0.0,0.0,0.0,0.0,0.0,0.0,420,20,female,2,rich,little,3186.0,15,Muda,0
0.0,1.0,0.0,0.0,1.0,0.0,0.0,0.0,0.0,0.0,0.0,421,30,male,2,little,moderate,2028.0,12,Dewasa,1
0.0,1.0,0.0,0.0,1.0,0.0,0.0,0.0,0.0,0.0,0.0,422,47,male,1,little,moderate,958.0,12,Paruh Baya,1
0.0,1.0,0.0,0.0,0.0,0.0,0.0,1.0,0.0,0.0,0.0,423,34,male,3,moderate,little,1591.0,21,Dewasa,1
0.0,1.0,0.0,0.0,0.0,0.0,0.0,1.0,0.0,0.0,0.0,424,25,female,2,little,moderate,2762.0,12,Muda,0
0.0,0.0,1.0,0.0,1.0,0.0,0.0,0.0,0.0,0.0,0.0,425,21,male,2,little,moderate,2779.0,18,Muda,1
0.0,1.0,0.0,0.0,0.0,0.0,0.0,0.0,1.0,0.0,0.0,426,29,male,2,little,little,2743.0,28,Dewasa,1
0.0,1.0,0.0,0.0,0.0,0.0,0.0,0.0,1.0,0.0,0.0,427,46,male,2,rich,little,1149.0,18,Paruh Baya,1
0.0,1.0,0.0,0.0,0.0,0.0,0.0,1.0,0.0,0.0,0.0,428,20,male,2,little,little,1313.0,9,Muda,1
1.0,0.0,0.0,0.0,0.0,0.0,0.0,0.0,0.0,1.0,0.0,429,55,female,0,little,little,1190.0,18,Paruh Baya,0
0.0,1.0,0.0,1.0,0.0,0.0,0.0,0.0,0.0,0.0,0.0,430,74,male,1,little,little,3448.0,5,Senior,1
0.0,1.0,0.0,0.0,0.0,0.0,0.0,0.0,0.0,0.0,1.0,431,29,male,3,little,moderate,9162.699999999995,24,Dewasa,1
1.0,0.0,0.0,0.0,0.0,0.0,0.0,1.0,0.0,0.0,0.0,432,36,male,3,little,little,1872.0,6,Dewasa,1
0.0,1.0,0.0,0.0,0.0,0.0,0.0,0.0,0.0,1.0,0.0,433,33,male,2,little,little,2058.0,24,Dewasa,1
0.0,1.0,0.0,0.0,0.0,0.0,0.0,1.0,0.0,0.0,0.0,434,25,male,2,little,little,2136.0,9,Muda,1
0.0,1.0,0.0,0.0,0.0,0.0,0.0,0.0,1.0,0.0,0.0,435,25,male,2,little,moderate,1484.0,12,Muda,1
0.0,0.0,1.0,0.0,0.0,0.0,0.0,0.0,0.0,1.0,0.0,436,23,male,1,quite rich,little,708.95,6,Muda,1
0.0,1.0,0.0,0.0,1.0,0.0,0.0,0.0,0.0,0.0,0.0,437,37,female,2,rich,little,1287.0,24,Dewasa,0
0.0,1.0,0.0,0.0,0.0,0.0,0.0,0.0,0.0,1.0,0.0,438,65,male,0,little,little,3394.0,42,Senior,1
0.0,1.0,0.0,1.0,0.0,0.0,0.0,0.0,0.0,0.0,0.0,439,26,female,0,little,rich,708.95,12,Dewasa,0
0.0,1.0,0.0,0.0,1.0,0.0,0.0,0.0,0.0,0.0,0.0,440,39,male,3,little,little,1884.0,12,Dewasa,1
0.0,1.0,0.0,0.0,0.0,0.0,0.0,1.0,0.0,0.0,0.0,441,30,female,2,little,little,1620.0,12,Dewasa,0
0.0,1.0,0.0,0.0,0.0,0.0,0.0,0.0,0.0,0.0,1.0,442,29,male,2,little,moderate,2629.0,20,Dewasa,1
0.0,1.0,0.0,0.0,0.0,0.0,1.0,0.0,0.0,0.0,0.0,443,41,male,1,little,little,719.0,12,Paruh Baya,1
0.0,1.0,0.0,0.0,0.0,0.0,0.0,1.0,0.0,0.0,0.0,444,30,female,3,little,moderate,5096.0,48,Dewasa,0
0.0,0.0,1.0,0.0,0.0,0.0,1.0,0.0,0.0,0.0,0.0,445,41,female,1,little,little,1244.0,9,Paruh Baya,0
0.0,1.0,0.0,0.0,1.0,0.0,0.0,0.0,0.0,0.0,0.0,446,34,female,2,little,little,1842.0,36,Dewasa,0
0.0,1.0,0.0,0.0,0.0,0.0,0.0,0.0,1.0,0.0,0.0,447,35,male,2,little,moderate,2576.0,7,Dewasa,1
0.0,1.0,0.0,0.0,0.0,0.0,0.0,1.0,0.0,0.0,0.0,448,55,female,3,little,rich,1424.0,12,Paruh Baya,0
0.0,1.0,0.0,0.0,0.0,0.0,0.0,0.0,0.0,1.0,0.0,449,61,male,2,rich,moderate,1512.0,15,Senior,1
0.0,1.0,0.0,0.0,1.0,0.0,0.0,0.0,0.0,0.0,0.0,450,30,male,3,little,little,9162.699999999995,36,Dewasa,1
0.0,1.0,0.0,0.0,0.0,0.0,0.0,0.0,1.0,0.0,0.0,451,29,female,2,little,little,708.95,6,Dewasa,0
0.0,1.0,0.0,0.0,0.0,0.0,0.0,1.0,0.0,0.0,0.0,452,34,male,2,little,little,2759.0,12,Dewasa,1
0.0,1.0,0.0,0.0,1.0,0.0,0.0,0.0,0.0,0.0,0.0,453,35,male,3,little,little,2670.0,24,Dewasa,1
0.0,1.0,0.0,0.0,1.0,0.0,0.0,0.0,0.0,0.0,0.0,454,31,male,2,little,little,4817.0,24,Dewasa,1
0.0,1.0,0.0,0.0,1.0,0.0,0.0,0.0,0.0,0.0,0.0,455,29,female,3,little,little,2679.0,24,Dewasa,0
0.0,0.0,1.0,0.0,1.0,0.0,0.0,0.0,0.0,0.0,0.0,456,36,male,2,little,little,3905.0,11,Dewasa,1
1.0,0.0,0.0,0.0,1.0,0.0,0.0,0.0,0.0,0.0,0.0,457,35,male,2,little,little,3386.0,12,Dewasa,1
0.0,1.0,0.0,0.0,0.0,1.0,0.0,0.0,0.0,0.0,0.0,458,27,female,2,little,little,708.95,6,Dewasa,0
0.0,1.0,0.0,0.0,0.0,0.0,0.0,0.0,1.0,0.0,0.0,459,32,male,2,little,little,4594.0,18,Dewasa,1
0.0,1.0,0.0,0.0,0.0,0.0,0.0,1.0,0.0,0.0,0.0,460,37,male,2,little,little,3620.0,36,Dewasa,1
0.0,1.0,0.0,0.0,1.0,0.0,0.0,0.0,0.0,0.0,0.0,461,36,male,2,little,little,1721.0,15,Dewasa,1
0.0,0.0,1.0,0.0,0.0,0.0,0.0,1.0,0.0,0.0,0.0,462,34,female,3,little,moderate,3017.0,12,Dewasa,0
0.0,1.0,0.0,0.0,0.0,0.0,1.0,0.0,0.0,0.0,0.0,463,38,male,2,little,moderate,754.0,12,Dewasa,1
0.0,1.0,0.0,1.0,0.0,0.0,0.0,0.0,0.0,0.0,0.0,464,34,male,2,little,little,1950.0,18,Dewasa,1
0.0,1.0,0.0,0.0,1.0,0.0,0.0,0.0,0.0,0.0,0.0,465,63,male,2,little,little,2924.0,24,Senior,1
0.0,0.0,1.0,0.0,0.0,0.0,0.0,0.0,1.0,0.0,0.0,466,29,female,1,little,little,1659.0,24,Dewasa,0
0.0,1.0,0.0,0.0,0.0,0.0,0.0,0.0,1.0,0.0,0.0,467,32,male,2,little,little,7238.0,48,Dewasa,1
0.0,1.0,0.0,1.0,0.0,0.0,0.0,0.0,0.0,0.0,0.0,468,26,female,2,little,little,2764.0,33,Dewasa,0
0.0,1.0,0.0,0.0,1.0,0.0,0.0,0.0,0.0,0.0,0.0,469,35,male,1,little,little,4679.0,24,Dewasa,1
0.0,0.0,1.0,0.0,0.0,0.0,0.0,0.0,1.0,0.0,0.0,470,22,male,2,moderate,moderate,3092.0,24,Muda,1
0.0,1.0,0.0,0.0,0.0,0.0,1.0,0.0,0.0,0.0,0.0,471,23,female,2,little,little,708.95,6,Muda,0
0.0,1.0,0.0,0.0,1.0,0.0,0.0,0.0,0.0,0.0,0.0,472,28,male,1,little,little,708.95,9,Dewasa,1
0.0,1.0,0.0,0.0,0.0,0.0,1.0,0.0,0.0,0.0,0.0,473,36,male,3,little,little,1238.0,6,Dewasa,1
0.0,1.0,0.0,0.0,0.0,0.0,0.0,0.0,1.0,0.0,0.0,474,33,male,2,little,moderate,1245.0,18,Dewasa,1
0.0,0.0,1.0,0.0,0.0,0.0,0.0,1.0,0.0,0.0,0.0,475,26,female,2,little,little,3114.0,18,Dewasa,0
0.0,1.0,0.0,0.0,1.0,0.0,0.0,0.0,0.0,0.0,0.0,476,24,male,2,quite rich,little,2569.0,39,Muda,1
0.0,1.0,0.0,0.0,0.0,0.0,0.0,0.0,1.0,0.0,0.0,477,25,male,2,little,rich,5152.0,24,Muda,1
0.0,1.0,0.0,1.0,0.0,0.0,0.0,0.0,0.0,0.0,0.0,478,39,male,1,moderate,moderate,1037.0,12,Dewasa,1
0.0,1.0,0.0,0.0,0.0,0.0,0.0,1.0,0.0,0.0,0.0,479,44,male,2,little,little,1478.0,15,Paruh Baya,1
0.0,1.0,0.0,0.0,0.0,0.0,0.0,0.0,1.0,0.0,0.0,480,23,female,1,little,moderate,3573.0,12,Muda,0
0.0,1.0,0.0,0.0,1.0,0.0,0.0,0.0,0.0,0.0,0.0,481,26,male,2,little,moderate,1201.0,24,Dewasa,1
0.0,0.0,1.0,0.0,0.0,0.0,0.0,1.0,0.0,0.0,0.0,482,57,female,2,rich,little,3622.0,30,Paruh Baya,0
0.0,1.0,0.0,0.0,0.0,0.0,0.0,1.0,0.0,0.0,0.0,483,30,female,2,rich,little,960.0,15,Dewasa,0
0.0,1.0,0.0,0.0,1.0,0.0,0.0,0.0,0.0,0.0,0.0,484,44,male,2,quite rich,little,1163.0,12,Paruh Baya,1
0.0,1.0,0.0,0.0,1.0,0.0,0.0,0.0,0.0,0.0,0.0,485,47,male,3,little,moderate,1209.0,6,Paruh Baya,1
0.0,1.0,0.0,0.0,0.0,0.0,0.0,0.0,1.0,0.0,0.0,486,52,male,2,little,little,3077.0,12,Paruh Baya,1
1.0,0.0,0.0,0.0,1.0,0.0,0.0,0.0,0.0,0.0,0.0,487,62,female,2,little,little,3757.0,24,Senior,0
0.0,0.0,1.0,0.0,1.0,0.0,0.0,0.0,0.0,0.0,0.0,488,35,male,1,moderate,little,1418.0,10,Dewasa,1
0.0,0.0,1.0,0.0,1.0,0.0,0.0,0.0,0.0,0.0,0.0,489,26,male,2,little,little,3518.0,6,Dewasa,1
0.0,1.0,0.0,0.0,0.0,0.0,0.0,0.0,1.0,0.0,0.0,490,26,male,2,little,little,1934.0,12,Dewasa,1
1.0,0.0,0.0,1.0,0.0,0.0,0.0,0.0,0.0,0.0,0.0,491,42,female,3,little,moderate,8318.0,27,Paruh Baya,0
0.0,1.0,0.0,0.0,0.0,0.0,0.0,0.0,1.0,0.0,0.0,492,27,female,2,moderate,little,1237.0,6,Dewasa,0
0.0,1.0,0.0,0.0,0.0,0.0,0.0,0.0,1.0,0.0,0.0,493,38,male,2,little,moderate,708.95,6,Dewasa,1
0.0,0.0,1.0,0.0,1.0,0.0,0.0,0.0,0.0,0.0,0.0,494,39,male,1,little,little,2122.0,12,Dewasa,1
0.0,1.0,0.0,0.0,0.0,0.0,0.0,1.0,0.0,0.0,0.0,495,20,male,2,little,little,2996.0,24,Muda,1
0.0,0.0,1.0,0.0,0.0,0.0,0.0,1.0,0.0,0.0,0.0,496,29,male,3,moderate,moderate,9034.0,36,Dewasa,1
0.0,1.0,0.0,0.0,0.0,0.0,0.0,1.0,0.0,0.0,0.0,497,40,male,2,little,little,1585.0,24,Dewasa,1
0.0,1.0,0.0,0.0,0.0,0.0,0.0,0.0,1.0,0.0,0.0,498,32,male,1,little,moderate,1301.0,18,Dewasa,1
0.0,1.0,0.0,0.0,1.0,0.0,0.0,0.0,0.0,0.0,0.0,499,28,male,2,moderate,rich,1323.0,6,Dewasa,1
0.0,1.0,0.0,0.0,1.0,0.0,0.0,0.0,0.0,0.0,0.0,500,27,female,2,little,little,3123.0,24,Dewasa,0
1.0,0.0,0.0,0.0,1.0,0.0,0.0,0.0,0.0,0.0,0.0,501,42,male,2,little,little,5493.0,36,Paruh Baya,1
0.0,1.0,0.0,0.0,0.0,0.0,0.0,0.0,1.0,0.0,0.0,502,49,male,2,moderate,rich,1126.0,9,Paruh Baya,1
0.0,1.0,0.0,0.0,0.0,0.0,0.0,0.0,1.0,0.0,0.0,503,38,male,2,moderate,moderate,1216.0,24,Dewasa,1
0.0,0.0,1.0,0.0,1.0,0.0,0.0,0.0,0.0,0.0,0.0,504,24,female,2,little,little,1207.0,24,Muda,0
0.0,1.0,0.0,0.0,1.0,0.0,0.0,0.0,0.0,0.0,0.0,505,27,male,1,little,little,1309.0,10,Dewasa,1
0.0,1.0,0.0,0.0,1.0,0.0,0.0,0.0,0.0,0.0,0.0,506,36,male,2,quite rich,rich,2360.0,15,Dewasa,1
0.0,1.0,0.0,0.0,1.0,0.0,0.0,0.0,0.0,0.0,0.0,507,34,male,3,moderate,moderate,6850.0,15,Dewasa,1
0.0,1.0,0.0,0.0,0.0,0.0,0.0,0.0,1.0,0.0,0.0,508,28,male,2,little,little,1413.0,24,Dewasa,1
0.0,1.0,0.0,0.0,1.0,0.0,0.0,0.0,0.0,0.0,0.0,509,45,male,3,moderate,little,8588.0,39,Paruh Baya,1
0.0,1.0,0.0,0.0,1.0,0.0,0.0,0.0,0.0,0.0,0.0,510,26,male,2,little,little,759.0,12,Dewasa,1
1.0,0.0,0.0,0.0,1.0,0.0,0.0,0.0,0.0,0.0,0.0,511,32,male,3,little,little,4686.0,36,Dewasa,1
0.0,0.0,1.0,1.0,0.0,0.0,0.0,0.0,0.0,0.0,0.0,512,26,male,2,little,rich,2687.0,15,Dewasa,1
0.0,0.0,1.0,0.0,0.0,0.0,0.0,0.0,1.0,0.0,0.0,513,20,male,2,little,moderate,708.95,12,Muda,1
0.0,1.0,0.0,0.0,1.0,0.0,0.0,0.0,0.0,0.0,0.0,514,54,male,2,little,little,2255.0,24,Paruh Baya,1
0.0,1.0,0.0,0.0,1.0,0.0,0.0,0.0,0.0,0.0,0.0,515,37,female,2,little,little,708.95,6,Dewasa,0
0.0,1.0,0.0,0.0,1.0,0.0,0.0,0.0,0.0,0.0,0.0,516,40,male,1,little,little,1361.0,6,Dewasa,1
0.0,0.0,1.0,0.0,0.0,0.0,0.0,1.0,0.0,0.0,0.0,517,23,female,2,little,little,7127.0,36,Muda,0
0.0,1.0,0.0,0.0,1.0,0.0,0.0,0.0,0.0,0.0,0.0,518,43,male,2,moderate,little,1203.0,6,Paruh Baya,1
1.0,0.0,0.0,0.0,0.0,0.0,0.0,0.0,1.0,0.0,0.0,519,36,male,2,little,little,708.95,6,Dewasa,1
1.0,0.0,0.0,0.0,0.0,0.0,0.0,0.0,0.0,1.0,0.0,520,44,male,2,little,little,5507.0,24,Paruh Baya,1
0.0,1.0,0.0,0.0,0.0,0.0,0.0,0.0,1.0,0.0,0.0,521,24,female,2,little,little,3190.0,18,Muda,0
1.0,0.0,0.0,0.0,0.0,0.0,0.0,1.0,0.0,0.0,0.0,522,53,male,2,little,little,7119.0,48,Paruh Baya,1
0.0,1.0,0.0,0.0,1.0,0.0,0.0,0.0,0.0,0.0,0.0,523,23,female,2,moderate,little,3488.0,24,Muda,0
0.0,1.0,0.0,0.0,0.0,0.0,0.0,0.0,1.0,0.0,0.0,524,26,female,1,little,moderate,1113.0,18,Dewasa,0
0.0,1.0,0.0,0.0,1.0,0.0,0.0,0.0,0.0,0.0,0.0,525,30,male,2,little,moderate,7966.0,26,Dewasa,1
0.0,1.0,0.0,0.0,0.0,0.0,1.0,0.0,0.0,0.0,0.0,526,31,female,2,moderate,little,1532.0,15,Dewasa,0
0.0,1.0,0.0,0.0,0.0,0.0,0.0,0.0,1.0,0.0,0.0,527,42,male,1,little,little,1503.0,4,Paruh Baya,1
0.0,0.0,1.0,0.0,0.0,0.0,0.0,0.0,1.0,0.0,0.0,528,31,male,2,little,little,2302.0,36,Dewasa,1
0.0,1.0,0.0,0.0,1.0,0.0,0.0,0.0,0.0,0.0,0.0,529,41,male,1,little,little,708.95,6,Paruh Baya,1
0.0,1.0,0.0,0.0,0.0,0.0,1.0,0.0,0.0,0.0,0.0,530,32,male,2,little,moderate,2273.0,36,Dewasa,1
0.0,0.0,1.0,0.0,1.0,0.0,0.0,0.0,0.0,0.0,0.0,531,28,female,2,moderate,moderate,2631.0,15,Dewasa,0
0.0,0.0,1.0,0.0,1.0,0.0,0.0,0.0,0.0,0.0,0.0,532,41,male,2,little,little,1503.0,12,Paruh Baya,1
0.0,1.0,0.0,0.0,0.0,0.0,0.0,0.0,1.0,0.0,0.0,533,26,male,2,moderate,little,1311.0,24,Dewasa,1
0.0,1.0,0.0,0.0,0.0,0.0,0.0,0.0,1.0,0.0,0.0,534,25,male,2,little,little,3105.0,24,Muda,1
0.0,0.0,1.0,0.0,0.0,0.0,1.0,0.0,0.0,0.0,0.0,535,33,male,2,little,rich,2319.0,21,Dewasa,1
0.0,1.0,0.0,0.0,1.0,0.0,0.0,0.0,0.0,0.0,0.0,536,75,female,3,little,little,1374.0,6,Senior,0
0.0,1.0,0.0,0.0,0.0,0.0,0.0,1.0,0.0,0.0,0.0,537,37,female,2,little,moderate,3612.0,18,Dewasa,0
1.0,0.0,0.0,0.0,1.0,0.0,0.0,0.0,0.0,0.0,0.0,538,42,male,3,little,little,7763.0,48,Paruh Baya,1
0.0,1.0,0.0,0.0,0.0,0.0,0.0,1.0,0.0,0.0,0.0,539,45,female,1,little,rich,3049.0,18,Paruh Baya,0
0.0,0.0,1.0,0.0,0.0,0.0,0.0,0.0,1.0,0.0,0.0,540,23,male,2,little,moderate,1534.0,12,Muda,1
1.0,0.0,0.0,0.0,1.0,0.0,0.0,0.0,0.0,0.0,0.0,541,60,male,2,little,little,2032.0,24,Paruh Baya,1
0.0,1.0,0.0,0.0,0.0,0.0,0.0,1.0,0.0,0.0,0.0,542,31,male,2,little,little,6350.0,30,Dewasa,1
0.0,1.0,0.0,0.0,0.0,0.0,0.0,1.0,0.0,0.0,0.0,543,34,male,1,little,rich,2864.0,18,Dewasa,1
0.0,1.0,0.0,0.0,1.0,0.0,0.0,0.0,0.0,0.0,0.0,544,61,male,1,little,little,1255.0,12,Senior,1
1.0,0.0,0.0,0.0,1.0,0.0,0.0,0.0,0.0,0.0,0.0,545,43,male,2,little,little,1333.0,24,Paruh Baya,1
0.0,1.0,0.0,0.0,1.0,0.0,0.0,0.0,0.0,0.0,0.0,546,37,female,2,little,little,2022.0,24,Dewasa,0
0.0,1.0,0.0,0.0,0.0,0.0,0.0,0.0,1.0,0.0,0.0,547,32,male,2,little,little,1552.0,24,Dewasa,1
0.0,1.0,0.0,0.0,0.0,0.0,0.0,0.0,1.0,0.0,0.0,548,24,female,1,little,little,708.95,12,Muda,0
1.0,0.0,0.0,0.0,1.0,0.0,0.0,0.0,0.0,0.0,0.0,549,35,male,2,little,little,8858.0,48,Dewasa,1
0.0,1.0,0.0,0.0,0.0,0.0,0.0,0.0,0.0,1.0,0.0,550,23,female,2,little,little,996.0,12,Muda,0
0.0,1.0,0.0,0.0,0.0,0.0,0.0,0.0,1.0,0.0,0.0,551,45,male,1,quite rich,little,1750.0,6,Paruh Baya,1
0.0,1.0,0.0,0.0,0.0,0.0,0.0,0.0,1.0,0.0,0.0,552,34,male,2,little,little,6999.0,48,Dewasa,1
0.0,1.0,0.0,0.0,1.0,0.0,0.0,0.0,0.0,0.0,0.0,553,27,male,2,moderate,moderate,1995.0,12,Dewasa,1
0.0,1.0,0.0,0.0,0.0,0.0,1.0,0.0,0.0,0.0,0.0,554,67,female,3,little,moderate,1199.0,9,Senior,0
0.0,1.0,0.0,0.0,0.0,0.0,0.0,0.0,1.0,0.0,0.0,555,22,male,2,little,moderate,1331.0,12,Muda,1
0.0,1.0,0.0,0.0,1.0,0.0,0.0,0.0,0.0,0.0,0.0,556,28,female,2,moderate,moderate,2278.0,18,Dewasa,0
0.0,1.0,0.0,0.0,1.0,0.0,0.0,0.0,0.0,0.0,0.0,557,29,female,2,little,little,5003.0,21,Dewasa,0
0.0,1.0,0.0,0.0,0.0,0.0,0.0,1.0,0.0,0.0,0.0,558,27,male,2,little,little,3552.0,24,Dewasa,1
0.0,1.0,0.0,0.0,0.0,0.0,0.0,1.0,0.0,0.0,0.0,559,31,male,1,little,moderate,1928.0,18,Dewasa,1
1.0,0.0,0.0,0.0,1.0,0.0,0.0,0.0,0.0,0.0,0.0,560,49,male,2,little,little,2964.0,24,Paruh Baya,1
0.0,0.0,1.0,0.0,0.0,0.0,0.0,0.0,1.0,0.0,0.0,561,24,male,1,little,little,1546.0,24,Muda,1
0.0,1.0,0.0,0.0,0.0,0.0,0.0,0.0,1.0,0.0,0.0,562,29,female,2,little,rich,708.95,6,Dewasa,0
1.0,0.0,0.0,0.0,1.0,0.0,0.0,0.0,0.0,0.0,0.0,563,37,male,2,little,moderate,9162.699999999995,36,Dewasa,1
0.0,1.0,0.0,1.0,0.0,0.0,0.0,0.0,0.0,0.0,0.0,564,37,male,3,little,moderate,4712.0,24,Dewasa,1
0.0,0.0,1.0,0.0,0.0,0.0,0.0,0.0,1.0,0.0,0.0,565,23,female,2,moderate,moderate,1553.0,24,Muda,0
0.0,1.0,0.0,0.0,1.0,0.0,0.0,0.0,0.0,0.0,0.0,566,36,male,2,little,little,1372.0,12,Dewasa,1
0.0,1.0,0.0,0.0,0.0,0.0,0.0,0.0,1.0,0.0,0.0,567,34,male,2,rich,little,2578.0,24,Dewasa,1
0.0,1.0,0.0,0.0,0.0,0.0,0.0,0.0,1.0,0.0,0.0,568,41,male,2,little,moderate,3979.0,48,Paruh Baya,1
0.0,1.0,0.0,0.0,0.0,0.0,0.0,0.0,1.0,0.0,0.0,569,31,female,2,little,little,6758.0,48,Dewasa,0
0.0,0.0,1.0,0.0,0.0,0.0,0.0,1.0,0.0,0.0,0.0,570,23,female,1,little,little,3234.0,24,Muda,0
0.0,1.0,0.0,0.0,0.0,0.0,0.0,0.0,1.0,0.0,0.0,571,38,male,2,little,little,5954.0,30,Dewasa,1
0.0,0.0,1.0,0.0,1.0,0.0,0.0,0.0,0.0,0.0,0.0,572,26,female,3,little,little,5433.0,24,Dewasa,0
0.0,1.0,0.0,1.0,0.0,0.0,0.0,0.0,0.0,0.0,0.0,573,22,female,1,little,little,806.0,15,Muda,0
0.0,1.0,0.0,0.0,0.0,0.0,0.0,0.0,1.0,0.0,0.0,574,27,male,1,little,moderate,1082.0,9,Dewasa,1
0.0,1.0,0.0,0.0,0.0,0.0,0.0,1.0,0.0,0.0,0.0,575,24,female,2,little,little,2788.0,15,Muda,0
0.0,1.0,0.0,0.0,0.0,0.0,0.0,0.0,1.0,0.0,0.0,576,27,female,2,little,moderate,2930.0,12,Dewasa,0
0.0,1.0,0.0,0.0,0.0,0.0,1.0,0.0,0.0,0.0,0.0,577,33,female,2,little,little,1927.0,24,Dewasa,0
0.0,1.0,0.0,0.0,1.0,0.0,0.0,0.0,0.0,0.0,0.0,578,27,male,2,little,moderate,2820.0,36,Dewasa,1
0.0,1.0,0.0,0.0,0.0,0.0,1.0,0.0,0.0,0.0,0.0,579,27,male,1,little,little,937.0,24,Dewasa,1
0.0,1.0,0.0,0.0,1.0,0.0,0.0,0.0,0.0,0.0,0.0,580,30,male,2,little,moderate,1056.0,18,Dewasa,1
0.0,1.0,0.0,0.0,1.0,0.0,0.0,0.0,0.0,0.0,0.0,581,49,male,1,little,moderate,3124.0,12,Paruh Baya,1
0.0,0.0,1.0,0.0,0.0,0.0,0.0,1.0,0.0,0.0,0.0,582,26,female,2,little,little,1388.0,9,Dewasa,0
0.0,0.0,1.0,0.0,0.0,0.0,0.0,0.0,0.0,1.0,0.0,583,33,male,1,little,moderate,2384.0,36,Dewasa,1
1.0,0.0,0.0,0.0,1.0,0.0,0.0,0.0,0.0,0.0,0.0,584,52,female,3,little,little,2133.0,12,Paruh Baya,0
0.0,0.0,1.0,0.0,0.0,0.0,0.0,1.0,0.0,0.0,0.0,585,20,female,2,little,little,2039.0,18,Muda,0
0.0,0.0,1.0,0.0,1.0,0.0,0.0,0.0,0.0,0.0,0.0,586,36,male,2,little,little,2799.0,9,Dewasa,1
0.0,1.0,0.0,0.0,0.0,0.0,0.0,1.0,0.0,0.0,0.0,587,21,male,1,little,little,1289.0,12,Muda,1
0.0,1.0,0.0,0.0,0.0,1.0,0.0,0.0,0.0,0.0,0.0,588,47,male,1,little,little,1217.0,18,Paruh Baya,1
0.0,1.0,0.0,0.0,0.0,0.0,0.0,1.0,0.0,0.0,0.0,589,60,male,2,little,little,2246.0,12,Paruh Baya,1
0.0,1.0,0.0,0.0,0.0,0.0,0.0,0.0,1.0,0.0,0.0,590,58,female,1,little,little,708.95,12,Paruh Baya,0
0.0,0.0,1.0,0.0,1.0,0.0,0.0,0.0,0.0,0.0,0.0,591,42,female,2,little,moderate,1965.0,24,Paruh Baya,0
0.0,1.0,0.0,1.0,0.0,0.0,0.0,0.0,0.0,0.0,0.0,592,36,female,1,rich,little,1572.0,21,Dewasa,0
0.0,0.0,1.0,0.0,1.0,0.0,0.0,0.0,0.0,0.0,0.0,593,20,female,1,little,moderate,2718.0,24,Muda,0
0.0,1.0,0.0,0.0,0.0,0.0,0.0,0.0,0.0,0.0,1.0,594,40,male,3,little,little,1358.0,24,Dewasa,1
0.0,1.0,0.0,0.0,1.0,0.0,0.0,0.0,0.0,0.0,0.0,595,32,female,1,moderate,moderate,931.0,6,Dewasa,0
0.0,0.0,1.0,0.0,1.0,0.0,0.0,0.0,0.0,0.0,0.0,596,23,female,2,little,little,1442.0,24,Muda,0
0.0,1.0,0.0,1.0,0.0,0.0,0.0,0.0,0.0,0.0,0.0,597,36,male,1,little,moderate,4241.0,24,Dewasa,1
0.0,1.0,0.0,0.0,1.0,0.0,0.0,0.0,0.0,0.0,0.0,598,31,male,2,little,little,2775.0,18,Dewasa,1
1.0,0.0,0.0,1.0,0.0,0.0,0.0,0.0,0.0,0.0,0.0,599,32,male,2,little,little,3863.0,24,Dewasa,1
0.0,1.0,0.0,0.0,0.0,0.0,0.0,0.0,1.0,0.0,0.0,600,45,female,2,little,moderate,2329.0,7,Paruh Baya,0
0.0,1.0,0.0,0.0,0.0,0.0,0.0,1.0,0.0,0.0,0.0,601,30,female,2,little,moderate,918.0,9,Dewasa,0
1.0,0.0,0.0,0.0,0.0,0.0,1.0,0.0,0.0,0.0,0.0,602,34,female,1,little,moderate,1837.0,24,Dewasa,0
0.0,1.0,0.0,0.0,0.0,0.0,0.0,1.0,0.0,0.0,0.0,603,28,female,3,little,little,3349.0,36,Dewasa,0
0.0,1.0,0.0,0.0,0.0,0.0,0.0,1.0,0.0,0.0,0.0,604,23,female,2,little,rich,1275.0,10,Muda,0
0.0,1.0,0.0,0.0,0.0,0.0,0.0,1.0,0.0,0.0,0.0,605,22,male,2,quite rich,little,2828.0,24,Muda,1
0.0,1.0,0.0,1.0,0.0,0.0,0.0,0.0,0.0,0.0,0.0,606,74,male,3,little,little,4526.0,24,Senior,1
1.0,0.0,0.0,0.0,0.0,0.0,0.0,0.0,1.0,0.0,0.0,607,50,female,2,moderate,moderate,2671.0,36,Paruh Baya,0
0.0,1.0,0.0,0.0,0.0,0.0,0.0,0.0,1.0,0.0,0.0,608,33,male,2,little,little,2051.0,18,Dewasa,1
1.0,0.0,0.0,0.0,1.0,0.0,0.0,0.0,0.0,0.0,0.0,609,45,male,2,little,little,1300.0,15,Paruh Baya,1
0.0,1.0,0.0,0.0,0.0,1.0,0.0,0.0,0.0,0.0,0.0,610,22,female,2,moderate,little,741.0,12,Muda,0
1.0,0.0,0.0,0.0,1.0,0.0,0.0,0.0,0.0,0.0,0.0,611,48,female,1,moderate,rich,1240.0,10,Paruh Baya,0
0.0,1.0,0.0,0.0,0.0,0.0,0.0,0.0,1.0,0.0,0.0,612,29,female,2,rich,little,3357.0,21,Dewasa,0
0.0,0.0,1.0,0.0,1.0,0.0,0.0,0.0,0.0,0.0,0.0,613,22,female,2,little,little,3632.0,24,Muda,0
0.0,1.0,0.0,0.0,0.0,0.0,0.0,1.0,0.0,0.0,0.0,614,22,female,2,little,little,1808.0,18,Muda,0
0.0,1.0,0.0,1.0,0.0,0.0,0.0,0.0,0.0,0.0,0.0,615,48,male,3,little,moderate,9162.699999999995,48,Paruh Baya,1
1.0,0.0,0.0,0.0,0.0,0.0,0.0,0.0,1.0,0.0,0.0,616,27,male,3,little,moderate,9157.0,60,Dewasa,1
0.0,0.0,1.0,0.0,1.0,0.0,0.0,0.0,0.0,0.0,0.0,617,37,male,2,little,little,3676.0,6,Dewasa,1
0.0,0.0,1.0,0.0,0.0,0.0,0.0,1.0,0.0,0.0,0.0,618,21,female,2,moderate,moderate,3441.0,30,Muda,0
0.0,1.0,0.0,0.0,1.0,0.0,0.0,0.0,0.0,0.0,0.0,619,49,male,1,little,little,708.95,12,Paruh Baya,1
0.0,1.0,0.0,1.0,0.0,0.0,0.0,0.0,0.0,0.0,0.0,620,27,male,2,little,moderate,3652.0,21,Dewasa,1
0.0,1.0,0.0,0.0,1.0,0.0,0.0,0.0,0.0,0.0,0.0,621,32,male,2,little,little,1530.0,18,Dewasa,1
0.0,1.0,0.0,1.0,0.0,0.0,0.0,0.0,0.0,0.0,0.0,622,38,male,2,little,little,3914.0,48,Dewasa,1
0.0,0.0,1.0,0.0,0.0,0.0,0.0,1.0,0.0,0.0,0.0,623,22,female,2,little,little,1858.0,12,Muda,0
1.0,0.0,0.0,0.0,0.0,0.0,0.0,0.0,1.0,0.0,0.0,624,65,male,2,little,little,2600.0,18,Senior,1
0.0,1.0,0.0,0.0,0.0,0.0,0.0,0.0,1.0,0.0,0.0,625,35,male,2,little,little,1979.0,15,Dewasa,1
0.0,1.0,0.0,0.0,0.0,0.0,0.0,1.0,0.0,0.0,0.0,626,41,male,2,little,rich,2116.0,6,Paruh Baya,1
0.0,1.0,0.0,0.0,1.0,0.0,0.0,0.0,0.0,0.0,0.0,627,29,male,2,moderate,moderate,1437.0,9,Dewasa,1
0.0,1.0,0.0,0.0,0.0,0.0,0.0,1.0,0.0,0.0,0.0,628,36,male,2,quite rich,little,4042.0,42,Dewasa,1
0.0,1.0,0.0,0.0,0.0,0.0,1.0,0.0,0.0,0.0,0.0,629,64,male,1,little,little,3832.0,9,Senior,1
0.0,1.0,0.0,0.0,0.0,0.0,0.0,0.0,1.0,0.0,0.0,630,28,female,2,little,little,3660.0,24,Dewasa,0
0.0,1.0,0.0,0.0,0.0,0.0,0.0,1.0,0.0,0.0,0.0,631,44,male,2,little,little,1553.0,18,Paruh Baya,1
0.0,1.0,0.0,0.0,0.0,0.0,0.0,0.0,1.0,0.0,0.0,632,23,male,2,little,moderate,1444.0,15,Muda,1
0.0,0.0,1.0,0.0,0.0,0.0,0.0,1.0,0.0,0.0,0.0,633,19,female,2,little,little,1980.0,9,Muda,0
0.0,1.0,0.0,0.0,1.0,0.0,0.0,0.0,0.0,0.0,0.0,634,25,female,1,little,moderate,1355.0,24,Muda,0
0.0,1.0,0.0,0.0,0.0,0.0,1.0,0.0,0.0,0.0,0.0,635,47,male,2,little,little,1393.0,12,Paruh Baya,1
0.0,1.0,0.0,0.0,0.0,0.0,0.0,0.0,1.0,0.0,0.0,636,28,female,2,quite rich,little,1376.0,24,Dewasa,0
0.0,1.0,0.0,0.0,0.0,0.0,0.0,0.0,1.0,0.0,0.0,637,21,male,2,little,little,9162.699999999995,60,Muda,1
0.0,1.0,0.0,0.0,0.0,0.0,0.0,0.0,1.0,0.0,0.0,638,34,female,2,little,little,1493.0,12,Dewasa,0
0.0,1.0,0.0,0.0,0.0,0.0,0.0,0.0,1.0,0.0,0.0,639,26,male,2,little,little,4370.0,42,Dewasa,1
0.0,1.0,0.0,0.0,0.0,0.0,1.0,0.0,0.0,0.0,0.0,640,27,female,0,little,little,750.0,18,Dewasa,0
0.0,1.0,0.0,0.0,0.0,0.0,0.0,0.0,0.0,1.0,0.0,641,38,male,1,little,moderate,1308.0,15,Dewasa,1
0.0,1.0,0.0,0.0,0.0,0.0,1.0,0.0,0.0,0.0,0.0,642,40,male,3,moderate,little,4623.0,15,Dewasa,1
0.0,1.0,0.0,0.0,0.0,0.0,0.0,0.0,1.0,0.0,0.0,643,33,male,2,little,little,1851.0,24,Dewasa,1
0.0,1.0,0.0,0.0,0.0,0.0,0.0,0.0,1.0,0.0,0.0,644,32,male,3,little,little,1880.0,18,Dewasa,1
0.0,0.0,1.0,1.0,0.0,0.0,0.0,0.0,0.0,0.0,0.0,645,27,male,2,little,little,7980.0,36,Dewasa,1
0.0,1.0,0.0,0.0,0.0,0.0,0.0,1.0,0.0,0.0,0.0,646,32,male,2,little,little,4583.0,30,Dewasa,1
0.0,1.0,0.0,0.0,1.0,0.0,0.0,0.0,0.0,0.0,0.0,647,26,female,2,quite rich,little,1386.0,12,Dewasa,0
1.0,0.0,0.0,0.0,1.0,0.0,0.0,0.0,0.0,0.0,0.0,648,38,male,2,little,rich,947.0,24,Dewasa,1
0.0,0.0,1.0,0.0,0.0,0.0,1.0,0.0,0.0,0.0,0.0,649,40,male,1,little,little,708.95,12,Dewasa,1
1.0,0.0,0.0,0.0,0.0,0.0,1.0,0.0,0.0,0.0,0.0,650,50,male,3,little,little,7476.0,48,Paruh Baya,1
0.0,1.0,0.0,0.0,0.0,0.0,0.0,1.0,0.0,0.0,0.0,651,37,male,1,little,moderate,1922.0,12,Dewasa,1
0.0,1.0,0.0,0.0,1.0,0.0,0.0,0.0,0.0,0.0,0.0,652,45,male,2,little,little,2303.0,24,Paruh Baya,1
0.0,1.0,0.0,0.0,1.0,0.0,0.0,0.0,0.0,0.0,0.0,653,42,male,3,moderate,moderate,8086.0,36,Paruh Baya,1
0.0,1.0,0.0,0.0,1.0,0.0,0.0,0.0,0.0,0.0,0.0,654,35,male,2,little,little,2346.0,24,Dewasa,1
1.0,0.0,0.0,0.0,1.0,0.0,0.0,0.0,0.0,0.0,0.0,655,22,male,2,little,little,3973.0,14,Muda,1
0.0,1.0,0.0,0.0,1.0,0.0,0.0,0.0,0.0,0.0,0.0,656,41,male,1,little,moderate,888.0,12,Paruh Baya,1
0.0,1.0,0.0,0.0,0.0,0.0,0.0,0.0,1.0,0.0,0.0,657,37,male,2,little,little,9162.699999999995,48,Dewasa,1
0.0,1.0,0.0,1.0,0.0,0.0,0.0,0.0,0.0,0.0,0.0,658,28,female,2,little,moderate,4221.0,30,Dewasa,0
0.0,1.0,0.0,0.0,0.0,0.0,0.0,1.0,0.0,0.0,0.0,659,41,male,2,little,moderate,6361.0,18,Paruh Baya,1
0.0,0.0,1.0,0.0,0.0,0.0,0.0,0.0,1.0,0.0,0.0,660,23,male,2,little,rich,1297.0,12,Muda,1
0.0,1.0,0.0,0.0,1.0,0.0,0.0,0.0,0.0,0.0,0.0,661,23,male,2,little,little,900.0,12,Muda,1
0.0,1.0,0.0,0.0,0.0,0.0,0.0,1.0,0.0,0.0,0.0,662,50,male,2,little,little,2241.0,21,Paruh Baya,1
0.0,1.0,0.0,0.0,0.0,0.0,0.0,1.0,0.0,0.0,0.0,663,35,male,3,little,moderate,1050.0,6,Dewasa,1
0.0,1.0,0.0,0.0,0.0,0.0,1.0,0.0,0.0,0.0,0.0,664,50,female,1,little,rich,1047.0,6,Paruh Baya,0
0.0,1.0,0.0,0.0,0.0,0.0,0.0,0.0,0.0,0.0,1.0,665,27,male,3,little,little,6314.0,24,Dewasa,1
0.0,1.0,0.0,0.0,0.0,0.0,0.0,1.0,0.0,0.0,0.0,666,34,male,2,rich,moderate,3496.0,30,Dewasa,1
0.0,1.0,0.0,1.0,0.0,0.0,0.0,0.0,0.0,0.0,0.0,667,27,female,2,little,little,3609.0,48,Dewasa,0
0.0,0.0,1.0,0.0,1.0,0.0,0.0,0.0,0.0,0.0,0.0,668,43,male,2,little,little,4843.0,12,Paruh Baya,1
0.0,1.0,0.0,0.0,0.0,0.0,0.0,0.0,1.0,0.0,0.0,669,47,male,2,little,rich,3017.0,30,Paruh Baya,1
0.0,1.0,0.0,1.0,0.0,0.0,0.0,0.0,0.0,0.0,0.0,670,27,male,1,moderate,little,4139.0,24,Dewasa,1
0.0,1.0,0.0,1.0,0.0,0.0,0.0,0.0,0.0,0.0,0.0,671,31,male,2,moderate,little,5742.0,36,Dewasa,1
0.0,1.0,0.0,0.0,1.0,0.0,0.0,0.0,0.0,0.0,0.0,672,42,male,3,little,little,9162.699999999995,60,Paruh Baya,1
0.0,1.0,0.0,0.0,1.0,0.0,0.0,0.0,0.0,0.0,0.0,673,24,male,2,quite rich,little,2080.0,6,Muda,1
0.0,1.0,0.0,1.0,0.0,0.0,0.0,0.0,0.0,0.0,0.0,674,41,male,1,quite rich,little,2580.0,21,Paruh Baya,1
0.0,0.0,1.0,0.0,0.0,0.0,0.0,0.0,1.0,0.0,0.0,675,26,female,3,little,little,4530.0,30,Dewasa,0
0.0,1.0,0.0,0.0,0.0,0.0,0.0,1.0,0.0,0.0,0.0,676,33,male,2,little,little,5150.0,24,Dewasa,1
0.0,1.0,0.0,0.0,0.0,0.0,0.0,0.0,1.0,0.0,0.0,677,24,male,2,moderate,moderate,5595.0,72,Muda,1
0.0,0.0,1.0,0.0,0.0,0.0,0.0,0.0,1.0,0.0,0.0,678,64,male,1,little,little,2384.0,24,Senior,1
0.0,1.0,0.0,0.0,0.0,0.0,0.0,0.0,1.0,0.0,0.0,679,26,female,2,little,little,1453.0,18,Dewasa,0
0.0,1.0,0.0,0.0,0.0,0.0,1.0,0.0,0.0,0.0,0.0,680,56,female,2,little,little,1538.0,6,Paruh Baya,0
1.0,0.0,0.0,0.0,0.0,0.0,0.0,0.0,1.0,0.0,0.0,681,37,male,2,little,little,2279.0,12,Dewasa,1
0.0,1.0,0.0,0.0,0.0,0.0,0.0,0.0,1.0,0.0,0.0,682,33,male,2,little,little,1478.0,15,Dewasa,1
1.0,0.0,0.0,0.0,0.0,0.0,0.0,0.0,1.0,0.0,0.0,683,47,male,2,little,little,5103.0,24,Paruh Baya,1
0.0,1.0,0.0,1.0,0.0,0.0,0.0,0.0,0.0,0.0,0.0,684,31,male,1,moderate,moderate,9162.699999999995,36,Dewasa,1
1.0,0.0,0.0,0.0,1.0,0.0,0.0,0.0,0.0,0.0,0.0,685,34,male,2,little,little,6527.0,60,Dewasa,1
0.0,1.0,0.0,0.0,0.0,0.0,0.0,0.0,1.0,0.0,0.0,686,27,male,2,little,rich,1347.0,10,Dewasa,1
1.0,0.0,0.0,0.0,1.0,0.0,0.0,0.0,0.0,0.0,0.0,687,30,male,2,moderate,moderate,2862.0,36,Dewasa,1
0.0,1.0,0.0,0.0,0.0,0.0,0.0,0.0,1.0,0.0,0.0,688,35,male,2,moderate,little,2753.0,9,Dewasa,1
0.0,1.0,0.0,0.0,1.0,0.0,0.0,0.0,0.0,0.0,0.0,689,31,male,2,rich,little,3651.0,12,Dewasa,1
0.0,1.0,0.0,0.0,0.0,0.0,0.0,1.0,0.0,0.0,0.0,690,25,male,2,little,little,975.0,15,Muda,1
0.0,1.0,0.0,0.0,0.0,0.0,0.0,0.0,0.0,1.0,0.0,691,25,female,1,moderate,moderate,2631.0,15,Muda,0
0.0,1.0,0.0,0.0,0.0,0.0,0.0,0.0,1.0,0.0,0.0,692,29,male,2,moderate,moderate,2896.0,24,Dewasa,1
0.0,1.0,0.0,0.0,1.0,0.0,0.0,0.0,0.0,0.0,0.0,693,44,male,1,little,little,4716.0,6,Paruh Baya,1
0.0,1.0,0.0,0.0,0.0,0.0,0.0,0.0,1.0,0.0,0.0,694,28,male,2,little,little,2284.0,24,Dewasa,1
0.0,0.0,1.0,0.0,1.0,0.0,0.0,0.0,0.0,0.0,0.0,695,50,male,2,quite rich,little,1236.0,6,Paruh Baya,1
0.0,1.0,0.0,0.0,0.0,0.0,0.0,0.0,1.0,0.0,0.0,696,29,male,2,little,moderate,1103.0,12,Dewasa,1
0.0,1.0,0.0,0.0,1.0,0.0,0.0,0.0,0.0,0.0,0.0,697,38,female,0,little,little,926.0,12,Dewasa,0
0.0,1.0,0.0,0.0,0.0,0.0,0.0,0.0,1.0,0.0,0.0,698,24,male,2,little,little,1800.0,18,Muda,1
0.0,0.0,1.0,0.0,0.0,0.0,1.0,0.0,0.0,0.0,0.0,699,40,male,3,little,rich,1905.0,15,Dewasa,1
0.0,0.0,1.0,0.0,0.0,0.0,0.0,1.0,0.0,0.0,0.0,700,29,female,1,quite rich,little,1123.0,12,Dewasa,0
1.0,0.0,0.0,0.0,1.0,0.0,0.0,0.0,0.0,0.0,0.0,701,46,male,2,little,little,6331.0,48,Paruh Baya,1
1.0,0.0,0.0,0.0,0.0,0.0,0.0,0.0,1.0,0.0,0.0,702,47,female,2,moderate,rich,1377.0,24,Paruh Baya,0
0.0,1.0,0.0,1.0,0.0,0.0,0.0,0.0,0.0,0.0,0.0,703,41,male,2,moderate,moderate,2503.0,30,Paruh Baya,1
0.0,1.0,0.0,1.0,0.0,0.0,0.0,0.0,0.0,0.0,0.0,704,32,female,2,little,moderate,2528.0,27,Dewasa,0
1.0,0.0,0.0,0.0,1.0,0.0,0.0,0.0,0.0,0.0,0.0,705,35,female,2,quite rich,little,5324.0,15,Dewasa,0
0.0,1.0,0.0,0.0,1.0,0.0,0.0,0.0,0.0,0.0,0.0,706,24,male,2,moderate,moderate,6560.0,48,Muda,1
0.0,0.0,1.0,0.0,0.0,0.0,0.0,1.0,0.0,0.0,0.0,707,25,female,2,little,moderate,2969.0,12,Muda,0
0.0,1.0,0.0,0.0,0.0,0.0,0.0,0.0,1.0,0.0,0.0,708,25,female,2,little,moderate,1206.0,9,Muda,0
0.0,1.0,0.0,0.0,0.0,0.0,0.0,0.0,1.0,0.0,0.0,709,37,male,1,little,moderate,2118.0,9,Dewasa,1
0.0,1.0,0.0,0.0,0.0,0.0,0.0,0.0,1.0,0.0,0.0,710,32,male,3,quite rich,little,708.95,18,Dewasa,1
1.0,0.0,0.0,0.0,0.0,0.0,1.0,0.0,0.0,0.0,0.0,711,35,female,2,little,little,1198.0,6,Dewasa,0
0.0,1.0,0.0,0.0,1.0,0.0,0.0,0.0,0.0,0.0,0.0,712,46,male,3,little,little,2476.0,21,Paruh Baya,1
0.0,1.0,0.0,0.0,0.0,0.0,0.0,0.0,1.0,0.0,0.0,713,25,male,1,little,little,1138.0,9,Muda,1
0.0,1.0,0.0,0.0,1.0,0.0,0.0,0.0,0.0,0.0,0.0,714,27,male,3,little,moderate,9162.699999999995,60,Dewasa,1
0.0,1.0,0.0,0.0,1.0,0.0,0.0,0.0,0.0,0.0,0.0,715,63,male,2,little,little,7596.0,30,Senior,1
0.0,1.0,0.0,0.0,0.0,0.0,0.0,0.0,1.0,0.0,0.0,716,40,male,2,little,little,3077.0,30,Dewasa,1
1.0,0.0,0.0,0.0,0.0,0.0,0.0,0.0,1.0,0.0,0.0,717,32,male,3,little,little,1505.0,18,Dewasa,1
0.0,1.0,0.0,0.0,0.0,0.0,0.0,0.0,1.0,0.0,0.0,718,31,male,2,little,rich,3148.0,24,Dewasa,1
0.0,1.0,0.0,0.0,1.0,0.0,0.0,0.0,0.0,0.0,0.0,719,31,male,2,moderate,moderate,6148.0,20,Dewasa,1
0.0,1.0,0.0,0.0,0.0,0.0,0.0,0.0,1.0,0.0,0.0,720,34,male,3,little,rich,1337.0,9,Dewasa,1
0.0,0.0,1.0,0.0,0.0,0.0,1.0,0.0,0.0,0.0,0.0,721,24,female,2,rich,moderate,708.95,6,Muda,0
0.0,1.0,0.0,0.0,1.0,0.0,0.0,0.0,0.0,0.0,0.0,722,24,female,1,little,little,1228.0,12,Muda,0
0.0,1.0,0.0,0.0,0.0,0.0,0.0,0.0,1.0,0.0,0.0,723,66,female,1,quite rich,moderate,790.0,9,Senior,0
0.0,0.0,1.0,0.0,1.0,0.0,0.0,0.0,0.0,0.0,0.0,724,21,female,2,little,little,2570.0,27,Muda,0
0.0,1.0,0.0,0.0,1.0,0.0,0.0,0.0,0.0,0.0,0.0,725,41,female,1,rich,little,708.95,6,Paruh Baya,0
0.0,1.0,0.0,0.0,0.0,0.0,0.0,0.0,1.0,0.0,0.0,726,47,male,1,quite rich,little,1316.0,15,Paruh Baya,1
0.0,0.0,1.0,0.0,0.0,0.0,0.0,0.0,1.0,0.0,0.0,727,25,female,2,little,little,1882.0,18,Muda,0
0.0,0.0,1.0,1.0,0.0,0.0,0.0,0.0,0.0,0.0,0.0,728,59,female,2,little,moderate,6416.0,48,Paruh Baya,0
0.0,1.0,0.0,1.0,0.0,0.0,0.0,0.0,0.0,0.0,0.0,729,36,male,2,rich,rich,1275.0,24,Dewasa,1
0.0,1.0,0.0,0.0,0.0,0.0,0.0,0.0,1.0,0.0,0.0,730,33,male,2,little,moderate,6403.0,24,Dewasa,1
0.0,0.0,1.0,0.0,0.0,0.0,0.0,0.0,1.0,0.0,0.0,731,21,male,1,little,little,1987.0,24,Muda,1
0.0,1.0,0.0,0.0,0.0,0.0,0.0,0.0,1.0,0.0,0.0,732,44,female,1,little,moderate,760.0,8,Paruh Baya,0
0.0,0.0,1.0,0.0,1.0,0.0,0.0,0.0,0.0,0.0,0.0,733,28,female,2,rich,little,2603.0,24,Dewasa,0
0.0,1.0,0.0,0.0,1.0,0.0,0.0,0.0,0.0,0.0,0.0,734,37,female,2,little,little,3380.0,4,Dewasa,0
0.0,1.0,0.0,0.0,0.0,1.0,0.0,0.0,0.0,0.0,0.0,735,29,female,0,little,moderate,3990.0,36,Dewasa,0
0.0,0.0,1.0,0.0,1.0,0.0,0.0,0.0,0.0,0.0,0.0,736,23,female,3,little,moderate,9162.699999999995,24,Muda,0
0.0,1.0,0.0,0.0,1.0,0.0,0.0,0.0,0.0,0.0,0.0,737,35,male,1,moderate,little,4380.0,18,Dewasa,1
0.0,1.0,0.0,0.0,1.0,0.0,0.0,0.0,0.0,0.0,0.0,738,45,male,3,little,little,6761.0,6,Paruh Baya,1
0.0,0.0,1.0,1.0,0.0,0.0,0.0,0.0,0.0,0.0,0.0,739,26,female,1,moderate,moderate,4280.0,30,Dewasa,0
0.0,1.0,0.0,0.0,1.0,0.0,0.0,0.0,0.0,0.0,0.0,740,32,male,2,moderate,little,2325.0,24,Dewasa,1
0.0,1.0,0.0,0.0,0.0,0.0,0.0,0.0,1.0,0.0,0.0,741,23,male,1,little,moderate,1048.0,10,Muda,1
0.0,1.0,0.0,0.0,0.0,0.0,0.0,0.0,1.0,0.0,0.0,742,41,male,2,little,little,3160.0,21,Paruh Baya,1
0.0,1.0,0.0,0.0,0.0,0.0,0.0,1.0,0.0,0.0,0.0,743,22,male,2,quite rich,little,2483.0,24,Muda,1
0.0,1.0,0.0,0.0,0.0,0.0,0.0,1.0,0.0,0.0,0.0,744,30,male,3,little,little,9162.699999999995,39,Dewasa,1
0.0,1.0,0.0,1.0,0.0,0.0,0.0,0.0,0.0,0.0,0.0,745,28,male,1,little,little,1797.0,13,Dewasa,1
0.0,0.0,1.0,0.0,1.0,0.0,0.0,0.0,0.0,0.0,0.0,746,23,female,2,little,little,2511.0,15,Muda,0
0.0,1.0,0.0,0.0,1.0,0.0,0.0,0.0,0.0,0.0,0.0,747,37,female,1,little,little,1274.0,12,Dewasa,0
0.0,1.0,0.0,0.0,1.0,0.0,0.0,0.0,0.0,0.0,0.0,748,26,male,2,little,little,5248.0,21,Dewasa,1
0.0,1.0,0.0,0.0,1.0,0.0,0.0,0.0,0.0,0.0,0.0,749,33,male,2,little,little,3029.0,15,Dewasa,1
0.0,1.0,0.0,0.0,0.0,0.0,0.0,1.0,0.0,0.0,0.0,750,49,female,2,little,little,708.95,6,Paruh Baya,0
0.0,1.0,0.0,0.0,1.0,0.0,0.0,0.0,0.0,0.0,0.0,751,23,female,1,little,little,976.0,18,Muda,0
0.0,0.0,1.0,1.0,0.0,0.0,0.0,0.0,0.0,0.0,0.0,752,23,female,1,moderate,moderate,841.0,12,Muda,0
0.0,1.0,0.0,0.0,0.0,0.0,0.0,0.0,1.0,0.0,0.0,753,25,female,2,little,little,5771.0,30,Muda,0
1.0,0.0,0.0,0.0,0.0,0.0,0.0,0.0,0.0,1.0,0.0,754,55,male,2,rich,little,1555.0,12,Paruh Baya,1
0.0,0.0,1.0,0.0,1.0,0.0,0.0,0.0,0.0,0.0,0.0,755,32,female,2,little,little,1285.0,24,Dewasa,0
0.0,1.0,0.0,0.0,1.0,0.0,0.0,0.0,0.0,0.0,0.0,756,74,male,0,little,rich,1299.0,6,Senior,1
1.0,0.0,0.0,0.0,0.0,0.0,0.0,0.0,1.0,0.0,0.0,757,39,male,2,little,rich,1271.0,15,Dewasa,1
0.0,1.0,0.0,0.0,1.0,0.0,0.0,0.0,0.0,0.0,0.0,758,31,male,2,little,little,1393.0,24,Dewasa,1
0.0,1.0,0.0,0.0,1.0,0.0,0.0,0.0,0.0,0.0,0.0,759,35,male,2,little,little,708.95,12,Dewasa,1
0.0,1.0,0.0,0.0,1.0,0.0,0.0,0.0,0.0,0.0,0.0,760,59,female,2,little,little,5045.0,15,Paruh Baya,0
0.0,0.0,1.0,0.0,0.0,0.0,0.0,1.0,0.0,0.0,0.0,761,24,female,2,little,little,2124.0,18,Muda,0
0.0,1.0,0.0,0.0,0.0,0.0,0.0,0.0,1.0,0.0,0.0,762,24,male,1,little,little,2214.0,12,Muda,1
1.0,0.0,0.0,0.0,1.0,0.0,0.0,0.0,0.0,0.0,0.0,763,30,male,3,little,little,9162.699999999995,21,Dewasa,1
0.0,1.0,0.0,0.0,1.0,0.0,0.0,0.0,0.0,0.0,0.0,764,27,male,2,moderate,little,2463.0,24,Dewasa,1
0.0,1.0,0.0,0.0,0.0,0.0,0.0,0.0,1.0,0.0,0.0,765,40,male,1,little,moderate,1155.0,12,Dewasa,1
0.0,1.0,0.0,0.0,0.0,0.0,0.0,1.0,0.0,0.0,0.0,766,31,male,1,little,little,3108.0,30,Dewasa,1
0.0,0.0,1.0,0.0,1.0,0.0,0.0,0.0,0.0,0.0,0.0,767,31,female,2,little,little,2901.0,10,Dewasa,0
0.0,0.0,1.0,0.0,0.0,0.0,0.0,1.0,0.0,0.0,0.0,768,28,male,2,little,moderate,3617.0,12,Dewasa,1
0.0,1.0,0.0,0.0,0.0,0.0,0.0,0.0,1.0,0.0,0.0,769,63,male,1,little,little,1655.0,12,Senior,1
0.0,0.0,1.0,0.0,1.0,0.0,0.0,0.0,0.0,0.0,0.0,770,26,female,2,little,little,2812.0,24,Dewasa,0
0.0,1.0,0.0,0.0,0.0,0.0,1.0,0.0,0.0,0.0,0.0,771,25,female,3,little,little,8065.0,36,Muda,0
0.0,1.0,0.0,0.0,1.0,0.0,0.0,0.0,0.0,0.0,0.0,772,36,male,3,little,little,3275.0,21,Dewasa,1
0.0,1.0,0.0,0.0,0.0,0.0,0.0,0.0,1.0,0.0,0.0,773,52,male,2,moderate,little,2223.0,24,Paruh Baya,1
1.0,0.0,0.0,0.0,1.0,0.0,0.0,0.0,0.0,0.0,0.0,774,66,male,0,quite rich,rich,1480.0,12,Senior,1
0.0,0.0,1.0,0.0,1.0,0.0,0.0,0.0,0.0,0.0,0.0,775,25,female,2,little,little,1371.0,24,Muda,0
0.0,1.0,0.0,0.0,1.0,0.0,0.0,0.0,0.0,0.0,0.0,776,37,male,2,little,little,3535.0,36,Dewasa,1
0.0,1.0,0.0,0.0,0.0,0.0,0.0,0.0,1.0,0.0,0.0,777,25,female,2,little,little,3509.0,18,Muda,0
0.0,1.0,0.0,0.0,1.0,0.0,0.0,0.0,0.0,0.0,0.0,778,38,male,3,rich,little,5711.0,36,Dewasa,1
0.0,1.0,0.0,0.0,0.0,0.0,0.0,0.0,0.0,1.0,0.0,779,67,female,2,little,moderate,3872.0,18,Senior,0
0.0,1.0,0.0,0.0,0.0,0.0,0.0,0.0,1.0,0.0,0.0,780,25,male,2,little,moderate,4933.0,39,Muda,1
0.0,1.0,0.0,0.0,1.0,0.0,0.0,0.0,0.0,0.0,0.0,781,60,male,2,rich,little,1940.0,24,Paruh Baya,1
0.0,1.0,0.0,0.0,0.0,0.0,1.0,0.0,0.0,0.0,0.0,782,31,male,1,little,moderate,1410.0,12,Dewasa,1
0.0,1.0,0.0,0.0,1.0,0.0,0.0,0.0,0.0,0.0,0.0,783,23,female,1,moderate,moderate,836.0,12,Muda,0
0.0,1.0,0.0,0.0,1.0,0.0,0.0,0.0,0.0,0.0,0.0,784,60,male,3,little,moderate,6468.0,20,Paruh Baya,1
0.0,1.0,0.0,1.0,0.0,0.0,0.0,0.0,0.0,0.0,0.0,785,35,male,1,rich,moderate,1941.0,18,Dewasa,1
0.0,1.0,0.0,0.0,0.0,0.0,0.0,0.0,1.0,0.0,0.0,786,40,male,2,quite rich,little,2675.0,22,Dewasa,1
0.0,1.0,0.0,0.0,1.0,0.0,0.0,0.0,0.0,0.0,0.0,787,38,male,2,little,little,2751.0,48,Dewasa,1
1.0,0.0,0.0,0.0,0.0,0.0,1.0,0.0,0.0,0.0,0.0,788,50,male,2,little,moderate,6224.0,48,Paruh Baya,1
0.0,1.0,0.0,0.0,0.0,0.0,1.0,0.0,0.0,0.0,0.0,789,27,male,2,little,little,5998.0,40,Dewasa,1
0.0,1.0,0.0,1.0,0.0,0.0,0.0,0.0,0.0,0.0,0.0,790,39,female,2,little,moderate,1188.0,21,Dewasa,0
0.0,1.0,0.0,0.0,1.0,0.0,0.0,0.0,0.0,0.0,0.0,791,41,male,3,little,little,6313.0,24,Paruh Baya,1
0.0,1.0,0.0,0.0,0.0,0.0,0.0,1.0,0.0,0.0,0.0,792,27,male,2,little,little,1221.0,6,Dewasa,1
1.0,0.0,0.0,0.0,0.0,0.0,0.0,1.0,0.0,0.0,0.0,793,51,male,2,little,rich,2892.0,24,Paruh Baya,1
0.0,0.0,1.0,0.0,0.0,0.0,0.0,1.0,0.0,0.0,0.0,794,32,male,2,quite rich,little,3062.0,24,Dewasa,1
0.0,0.0,1.0,0.0,0.0,0.0,0.0,1.0,0.0,0.0,0.0,795,22,female,2,moderate,little,2301.0,9,Muda,0
1.0,0.0,0.0,0.0,1.0,0.0,0.0,0.0,0.0,0.0,0.0,796,51,male,2,little,little,7511.0,18,Paruh Baya,1
0.0,0.0,1.0,0.0,0.0,0.0,0.0,1.0,0.0,0.0,0.0,797,22,female,1,little,little,1258.0,12,Muda,0
0.0,1.0,0.0,0.0,1.0,0.0,0.0,0.0,0.0,0.0,0.0,798,54,male,2,little,little,717.0,24,Paruh Baya,1
0.0,1.0,0.0,0.0,1.0,0.0,0.0,0.0,0.0,0.0,0.0,799,35,male,0,little,moderate,1549.0,9,Dewasa,1
1.0,0.0,0.0,0.0,0.0,0.0,1.0,0.0,0.0,0.0,0.0,800,54,male,2,little,little,1597.0,24,Paruh Baya,1
0.0,0.0,1.0,0.0,0.0,0.0,0.0,0.0,1.0,0.0,0.0,801,48,female,1,little,moderate,1795.0,18,Paruh Baya,0
0.0,1.0,0.0,0.0,0.0,0.0,0.0,1.0,0.0,0.0,0.0,802,24,female,2,little,little,4272.0,20,Muda,0
0.0,1.0,0.0,0.0,0.0,0.0,0.0,0.0,1.0,0.0,0.0,803,35,male,2,little,little,976.0,12,Dewasa,1
0.0,0.0,1.0,0.0,1.0,0.0,0.0,0.0,0.0,0.0,0.0,804,24,female,0,little,moderate,7472.0,12,Muda,0
0.0,1.0,0.0,0.0,1.0,0.0,0.0,0.0,0.0,0.0,0.0,805,24,male,2,little,little,9162.699999999995,36,Muda,1
0.0,1.0,0.0,0.0,0.0,0.0,0.0,0.0,1.0,0.0,0.0,806,26,male,1,little,moderate,708.95,6,Dewasa,1
0.0,1.0,0.0,0.0,0.0,0.0,0.0,0.0,1.0,0.0,0.0,807,65,male,2,little,little,930.0,12,Senior,1
1.0,0.0,0.0,0.0,1.0,0.0,0.0,0.0,0.0,0.0,0.0,808,55,male,3,little,moderate,9162.699999999995,42,Paruh Baya,1
0.0,0.0,1.0,0.0,1.0,0.0,0.0,0.0,0.0,0.0,0.0,809,26,female,0,little,moderate,1778.0,15,Dewasa,0
0.0,1.0,0.0,1.0,0.0,0.0,0.0,0.0,0.0,0.0,0.0,810,26,male,2,little,moderate,907.0,8,Dewasa,1
0.0,1.0,0.0,0.0,0.0,0.0,0.0,0.0,1.0,0.0,0.0,811,28,male,1,little,moderate,708.95,6,Dewasa,1
0.0,1.0,0.0,0.0,1.0,0.0,0.0,0.0,0.0,0.0,0.0,812,24,male,2,little,little,9162.699999999995,36,Muda,1
0.0,1.0,0.0,0.0,0.0,1.0,0.0,0.0,0.0,0.0,0.0,813,54,male,2,little,little,3051.0,48,Paruh Baya,1
1.0,0.0,0.0,0.0,1.0,0.0,0.0,0.0,0.0,0.0,0.0,814,46,male,2,little,little,3931.0,48,Paruh Baya,1
0.0,0.0,1.0,0.0,1.0,0.0,0.0,0.0,0.0,0.0,0.0,815,54,female,2,little,moderate,7432.0,36,Paruh Baya,0
0.0,1.0,0.0,0.0,0.0,1.0,0.0,0.0,0.0,0.0,0.0,816,62,male,2,quite rich,little,1338.0,6,Senior,1
0.0,0.0,1.0,0.0,0.0,0.0,0.0,0.0,1.0,0.0,0.0,817,24,female,2,little,little,1554.0,6,Muda,0
0.0,1.0,0.0,0.0,0.0,0.0,0.0,0.0,0.0,0.0,1.0,818,43,male,3,little,little,9162.699999999995,36,Paruh Baya,1
0.0,1.0,0.0,0.0,0.0,0.0,0.0,0.0,1.0,0.0,0.0,819,26,male,2,little,little,1345.0,18,Dewasa,1
0.0,1.0,0.0,0.0,1.0,0.0,0.0,0.0,0.0,0.0,0.0,820,27,male,2,little,little,1101.0,12,Dewasa,1
0.0,1.0,0.0,0.0,0.0,0.0,0.0,0.0,1.0,0.0,0.0,821,24,male,2,little,rich,3016.0,12,Muda,1
0.0,1.0,0.0,0.0,0.0,0.0,0.0,1.0,0.0,0.0,0.0,822,41,male,2,little,little,2712.0,36,Paruh Baya,1
0.0,1.0,0.0,0.0,1.0,0.0,0.0,0.0,0.0,0.0,0.0,823,47,male,1,little,little,731.0,8,Paruh Baya,1
0.0,1.0,0.0,0.0,0.0,0.0,0.0,1.0,0.0,0.0,0.0,824,35,male,3,little,little,3780.0,18,Dewasa,1
0.0,1.0,0.0,0.0,1.0,0.0,0.0,0.0,0.0,0.0,0.0,825,30,male,2,little,little,1602.0,21,Dewasa,1
0.0,0.0,1.0,0.0,1.0,0.0,0.0,0.0,0.0,0.0,0.0,826,33,female,2,little,little,3966.0,18,Dewasa,0
0.0,1.0,0.0,1.0,0.0,0.0,0.0,0.0,0.0,0.0,0.0,827,36,male,2,little,little,4165.0,18,Dewasa,1
1.0,0.0,0.0,0.0,1.0,0.0,0.0,0.0,0.0,0.0,0.0,828,47,male,2,little,little,8335.0,36,Paruh Baya,1
1.0,0.0,0.0,1.0,0.0,0.0,0.0,0.0,0.0,0.0,0.0,829,38,male,2,little,moderate,6681.0,48,Dewasa,1
0.0,1.0,0.0,1.0,0.0,0.0,0.0,0.0,0.0,0.0,0.0,830,44,male,2,quite rich,little,2375.0,24,Paruh Baya,1
0.0,0.0,1.0,0.0,1.0,0.0,0.0,0.0,0.0,0.0,0.0,831,23,female,2,little,little,1216.0,18,Muda,0
0.0,0.0,1.0,1.0,0.0,0.0,0.0,0.0,0.0,0.0,0.0,832,29,male,2,little,little,9162.699999999995,45,Dewasa,1
0.0,1.0,0.0,0.0,0.0,0.0,0.0,0.0,1.0,0.0,0.0,833,42,female,2,little,moderate,5084.0,24,Paruh Baya,0
0.0,1.0,0.0,0.0,0.0,0.0,0.0,0.0,1.0,0.0,0.0,834,25,female,1,little,rich,2327.0,15,Muda,0
0.0,1.0,0.0,0.0,1.0,0.0,0.0,0.0,0.0,0.0,0.0,835,48,male,2,little,little,1082.0,12,Paruh Baya,1
0.0,1.0,0.0,0.0,0.0,0.0,0.0,0.0,1.0,0.0,0.0,836,21,female,2,little,little,886.0,12,Muda,0
0.0,0.0,1.0,0.0,0.0,0.0,0.0,1.0,0.0,0.0,0.0,837,23,female,1,little,little,708.95,4,Muda,0
0.0,1.0,0.0,0.0,1.0,0.0,0.0,0.0,0.0,0.0,0.0,838,63,male,2,little,little,2957.0,24,Senior,1
0.0,1.0,0.0,0.0,0.0,0.0,0.0,0.0,1.0,0.0,0.0,839,46,male,2,little,little,2611.0,24,Paruh Baya,1
0.0,1.0,0.0,0.0,0.0,0.0,0.0,1.0,0.0,0.0,0.0,840,29,male,2,little,little,5179.0,36,Dewasa,1
0.0,1.0,0.0,0.0,1.0,0.0,0.0,0.0,0.0,0.0,0.0,841,28,male,1,little,little,2993.0,21,Dewasa,1
0.0,1.0,0.0,0.0,0.0,0.0,0.0,0.0,0.0,1.0,0.0,842,23,female,2,little,little,1943.0,18,Muda,0
0.0,1.0,0.0,1.0,0.0,0.0,0.0,0.0,0.0,0.0,0.0,843,50,male,2,little,little,1559.0,24,Paruh Baya,1
0.0,1.0,0.0,0.0,0.0,0.0,0.0,1.0,0.0,0.0,0.0,844,47,male,2,little,little,3422.0,18,Paruh Baya,1
0.0,1.0,0.0,0.0,0.0,0.0,0.0,1.0,0.0,0.0,0.0,845,35,male,2,little,moderate,3976.0,21,Dewasa,1
0.0,0.0,1.0,0.0,1.0,0.0,0.0,0.0,0.0,0.0,0.0,846,68,male,2,little,little,6761.0,18,Senior,1
0.0,1.0,0.0,0.0,1.0,0.0,0.0,0.0,0.0,0.0,0.0,847,28,male,2,little,little,1249.0,24,Dewasa,1
0.0,1.0,0.0,0.0,0.0,0.0,0.0,0.0,1.0,0.0,0.0,848,59,male,2,little,little,1364.0,9,Paruh Baya,1
0.0,1.0,0.0,0.0,0.0,0.0,0.0,0.0,1.0,0.0,0.0,849,57,male,1,little,little,709.0,12,Paruh Baya,1
0.0,0.0,1.0,0.0,1.0,0.0,0.0,0.0,0.0,0.0,0.0,850,33,male,2,little,little,2235.0,20,Dewasa,1
0.0,1.0,0.0,0.0,1.0,0.0,0.0,0.0,0.0,0.0,0.0,851,43,male,2,little,little,4042.0,24,Paruh Baya,1
1.0,0.0,0.0,0.0,0.0,0.0,0.0,0.0,1.0,0.0,0.0,852,35,male,2,little,little,1471.0,15,Dewasa,1
1.0,0.0,0.0,0.0,1.0,0.0,0.0,0.0,0.0,0.0,0.0,853,32,male,1,little,little,1442.0,18,Dewasa,1
0.0,1.0,0.0,0.0,1.0,0.0,0.0,0.0,0.0,0.0,0.0,854,45,male,2,little,little,9162.699999999995,36,Paruh Baya,1
0.0,1.0,0.0,0.0,1.0,0.0,0.0,0.0,0.0,0.0,0.0,855,33,male,2,moderate,little,1474.0,24,Dewasa,1
0.0,1.0,0.0,0.0,0.0,0.0,1.0,0.0,0.0,0.0,0.0,856,40,female,2,little,little,894.0,10,Dewasa,0
1.0,0.0,0.0,0.0,0.0,0.0,0.0,1.0,0.0,0.0,0.0,857,28,male,2,little,little,3343.0,15,Dewasa,1
0.0,1.0,0.0,0.0,1.0,0.0,0.0,0.0,0.0,0.0,0.0,858,29,female,2,little,little,3959.0,15,Dewasa,0
0.0,0.0,1.0,0.0,1.0,0.0,0.0,0.0,0.0,0.0,0.0,859,26,male,2,moderate,little,3577.0,9,Dewasa,1
0.0,1.0,0.0,0.0,1.0,0.0,0.0,0.0,0.0,0.0,0.0,860,27,male,2,rich,little,5804.0,24,Dewasa,1
0.0,1.0,0.0,1.0,0.0,0.0,0.0,0.0,0.0,0.0,0.0,861,28,male,2,little,little,2169.0,18,Dewasa,1
0.0,1.0,0.0,0.0,0.0,0.0,0.0,0.0,1.0,0.0,0.0,862,35,female,2,little,little,2439.0,24,Dewasa,0
0.0,1.0,0.0,0.0,0.0,0.0,0.0,1.0,0.0,0.0,0.0,863,32,male,1,rich,little,4526.0,27,Dewasa,1
0.0,0.0,1.0,0.0,0.0,0.0,0.0,1.0,0.0,0.0,0.0,864,25,male,1,little,little,2210.0,10,Muda,1
0.0,0.0,1.0,0.0,0.0,0.0,0.0,1.0,0.0,0.0,0.0,865,20,female,2,quite rich,little,2221.0,15,Muda,0
0.0,1.0,0.0,0.0,0.0,0.0,0.0,0.0,1.0,0.0,0.0,866,27,female,2,little,little,2389.0,18,Dewasa,0
0.0,1.0,0.0,0.0,0.0,0.0,0.0,1.0,0.0,0.0,0.0,867,42,male,2,little,little,3331.0,12,Paruh Baya,1
0.0,1.0,0.0,1.0,0.0,0.0,0.0,0.0,0.0,0.0,0.0,868,37,male,2,little,little,7409.0,36,Dewasa,1
0.0,0.0,1.0,0.0,0.0,0.0,0.0,1.0,0.0,0.0,0.0,869,24,female,2,little,little,708.95,12,Muda,0
0.0,1.0,0.0,0.0,0.0,0.0,0.0,1.0,0.0,0.0,0.0,870,40,female,2,quite rich,little,7678.0,36,Dewasa,0
0.0,1.0,0.0,0.0,1.0,0.0,0.0,0.0,0.0,0.0,0.0,871,46,male,2,little,rich,1343.0,6,Paruh Baya,1
0.0,1.0,0.0,1.0,0.0,0.0,0.0,0.0,0.0,0.0,0.0,872,26,male,2,moderate,little,1382.0,24,Dewasa,1
0.0,1.0,0.0,0.0,0.0,1.0,0.0,0.0,0.0,0.0,0.0,873,24,female,2,little,little,874.0,15,Muda,0
0.0,1.0,0.0,0.0,0.0,0.0,0.0,1.0,0.0,0.0,0.0,874,29,male,1,little,little,3590.0,12,Dewasa,1
0.0,1.0,0.0,0.0,1.0,0.0,0.0,0.0,0.0,0.0,0.0,875,40,female,2,rich,moderate,1322.0,11,Dewasa,0
1.0,0.0,0.0,0.0,0.0,0.0,0.0,0.0,1.0,0.0,0.0,876,36,male,3,little,little,1940.0,18,Dewasa,1
0.0,1.0,0.0,0.0,0.0,0.0,0.0,0.0,1.0,0.0,0.0,877,28,male,2,little,little,3595.0,36,Dewasa,1
1.0,0.0,0.0,0.0,1.0,0.0,0.0,0.0,0.0,0.0,0.0,878,27,male,3,little,little,1422.0,9,Dewasa,1
0.0,1.0,0.0,0.0,0.0,0.0,0.0,0.0,1.0,0.0,0.0,879,36,male,2,little,little,6742.0,30,Dewasa,1
0.0,1.0,0.0,0.0,1.0,0.0,0.0,0.0,0.0,0.0,0.0,880,38,male,3,little,little,7814.0,24,Dewasa,1
1.0,0.0,0.0,0.0,1.0,0.0,0.0,0.0,0.0,0.0,0.0,881,48,male,2,little,little,9162.699999999995,24,Paruh Baya,1
0.0,1.0,0.0,0.0,1.0,0.0,0.0,0.0,0.0,0.0,0.0,882,36,male,2,little,moderate,2181.0,30,Dewasa,1
0.0,1.0,0.0,0.0,0.0,0.0,0.0,0.0,1.0,0.0,0.0,883,65,female,0,little,little,1098.0,18,Senior,0
0.0,1.0,0.0,0.0,0.0,0.0,0.0,1.0,0.0,0.0,0.0,884,43,male,2,little,moderate,4057.0,24,Paruh Baya,1
0.0,1.0,0.0,0.0,0.0,0.0,1.0,0.0,0.0,0.0,0.0,885,53,female,2,little,little,795.0,12,Paruh Baya,0
0.0,1.0,0.0,1.0,0.0,0.0,0.0,0.0,0.0,0.0,0.0,886,34,male,2,little,moderate,2825.0,24,Dewasa,1
0.0,1.0,0.0,1.0,0.0,0.0,0.0,0.0,0.0,0.0,0.0,887,23,male,2,little,moderate,9162.699999999995,48,Muda,1
0.0,1.0,0.0,0.0,1.0,0.0,0.0,0.0,0.0,0.0,0.0,888,34,male,3,little,little,6614.0,36,Dewasa,1
0.0,0.0,1.0,0.0,1.0,0.0,0.0,0.0,0.0,0.0,0.0,889,40,male,2,little,little,7824.0,28,Dewasa,1
0.0,1.0,0.0,1.0,0.0,0.0,0.0,0.0,0.0,0.0,0.0,890,43,male,3,little,little,2442.0,27,Paruh Baya,1
0.0,1.0,0.0,0.0,0.0,0.0,0.0,0.0,1.0,0.0,0.0,891,46,male,2,little,little,1829.0,15,Paruh Baya,1
0.0,1.0,0.0,0.0,1.0,0.0,0.0,0.0,0.0,0.0,0.0,892,38,male,1,little,little,2171.0,12,Dewasa,1
0.0,1.0,0.0,0.0,1.0,0.0,0.0,0.0,0.0,0.0,0.0,893,34,male,2,little,moderate,5800.0,36,Dewasa,1
0.0,1.0,0.0,0.0,0.0,0.0,0.0,0.0,1.0,0.0,0.0,894,29,male,2,little,little,1169.0,18,Dewasa,1
0.0,1.0,0.0,0.0,1.0,0.0,0.0,0.0,0.0,0.0,0.0,895,31,male,3,little,little,8947.0,36,Dewasa,1
0.0,0.0,1.0,0.0,0.0,0.0,0.0,0.0,1.0,0.0,0.0,896,28,female,3,little,little,2606.0,21,Dewasa,0
0.0,1.0,0.0,0.0,0.0,0.0,0.0,1.0,0.0,0.0,0.0,897,35,female,2,rich,little,1592.0,12,Dewasa,0
0.0,0.0,1.0,0.0,0.0,0.0,0.0,1.0,0.0,0.0,0.0,898,33,female,1,little,little,2186.0,15,Dewasa,0
0.0,1.0,0.0,0.0,0.0,0.0,0.0,1.0,0.0,0.0,0.0,899,42,male,2,little,little,4153.0,18,Paruh Baya,1
0.0,0.0,1.0,0.0,1.0,0.0,0.0,0.0,0.0,0.0,0.0,900,43,male,2,little,little,2625.0,16,Paruh Baya,1
0.0,1.0,0.0,0.0,1.0,0.0,0.0,0.0,0.0,0.0,0.0,901,44,male,2,little,little,3485.0,20,Paruh Baya,1
1.0,0.0,0.0,0.0,1.0,0.0,0.0,0.0,0.0,0.0,0.0,902,42,male,2,little,little,9162.699999999995,36,Paruh Baya,1
0.0,0.0,1.0,0.0,0.0,0.0,0.0,0.0,1.0,0.0,0.0,903,40,male,2,little,little,1386.0,15,Dewasa,1
0.0,1.0,0.0,0.0,0.0,0.0,0.0,0.0,1.0,0.0,0.0,904,36,male,3,little,little,1278.0,24,Dewasa,1
0.0,0.0,1.0,0.0,0.0,0.0,0.0,0.0,1.0,0.0,0.0,905,20,male,3,little,little,1107.0,12,Muda,1
0.0,1.0,0.0,0.0,1.0,0.0,0.0,0.0,0.0,0.0,0.0,906,24,male,1,little,little,3763.0,21,Muda,1
0.0,1.0,0.0,0.0,0.0,0.0,1.0,0.0,0.0,0.0,0.0,907,27,male,2,little,moderate,3711.0,36,Dewasa,1
0.0,1.0,0.0,0.0,1.0,0.0,0.0,0.0,0.0,0.0,0.0,908,46,female,1,little,little,3594.0,15,Paruh Baya,0
0.0,1.0,0.0,0.0,1.0,0.0,0.0,0.0,0.0,0.0,0.0,909,33,female,1,little,moderate,3195.0,9,Dewasa,0
0.0,1.0,0.0,0.0,0.0,0.0,0.0,0.0,1.0,0.0,0.0,910,34,female,2,little,little,4454.0,36,Dewasa,0
0.0,1.0,0.0,0.0,0.0,0.0,0.0,1.0,0.0,0.0,0.0,911,25,female,1,little,moderate,4736.0,24,Muda,0
0.0,1.0,0.0,0.0,0.0,0.0,0.0,0.0,1.0,0.0,0.0,912,25,female,2,little,moderate,2991.0,30,Muda,0
0.0,1.0,0.0,1.0,0.0,0.0,0.0,0.0,0.0,0.0,0.0,913,28,male,2,rich,little,2142.0,11,Dewasa,1
0.0,0.0,1.0,1.0,0.0,0.0,0.0,0.0,0.0,0.0,0.0,914,31,male,2,little,little,3161.0,24,Dewasa,1
0.0,1.0,0.0,0.0,0.0,0.0,0.0,0.0,0.0,0.0,1.0,915,32,female,3,little,moderate,9162.699999999995,48,Dewasa,0
0.0,1.0,0.0,0.0,1.0,0.0,0.0,0.0,0.0,0.0,0.0,916,32,male,2,moderate,little,2848.0,10,Dewasa,1
0.0,1.0,0.0,0.0,1.0,0.0,0.0,0.0,0.0,0.0,0.0,917,68,male,3,little,little,9162.699999999995,6,Senior,1
0.0,1.0,0.0,0.0,0.0,0.0,0.0,1.0,0.0,0.0,0.0,918,33,male,2,moderate,little,2359.0,24,Dewasa,1
0.0,0.0,1.0,0.0,0.0,0.0,0.0,1.0,0.0,0.0,0.0,919,39,male,3,little,little,3345.0,24,Dewasa,1
0.0,1.0,0.0,0.0,0.0,0.0,0.0,1.0,0.0,0.0,0.0,920,28,female,2,little,little,1817.0,18,Dewasa,0
0.0,1.0,0.0,0.0,0.0,0.0,0.0,0.0,1.0,0.0,0.0,921,37,male,3,quite rich,little,9162.699999999995,48,Dewasa,1
0.0,0.0,1.0,0.0,0.0,0.0,0.0,0.0,1.0,0.0,0.0,922,22,female,2,little,little,1366.0,9,Muda,0
0.0,0.0,1.0,0.0,1.0,0.0,0.0,0.0,0.0,0.0,0.0,923,30,male,2,little,moderate,2002.0,12,Dewasa,1
0.0,1.0,0.0,0.0,0.0,0.0,0.0,1.0,0.0,0.0,0.0,924,55,male,2,little,little,6872.0,24,Paruh Baya,1
0.0,1.0,0.0,0.0,1.0,0.0,0.0,0.0,0.0,0.0,0.0,925,46,male,2,little,little,708.95,12,Paruh Baya,1
0.0,0.0,1.0,0.0,0.0,0.0,0.0,1.0,0.0,0.0,0.0,926,21,female,2,little,little,1049.0,18,Muda,0
1.0,0.0,0.0,0.0,1.0,0.0,0.0,0.0,0.0,0.0,0.0,927,39,male,2,little,little,9162.699999999995,48,Dewasa,1
0.0,1.0,0.0,0.0,0.0,0.0,0.0,0.0,1.0,0.0,0.0,928,58,male,2,little,little,1867.0,30,Paruh Baya,1
0.0,1.0,0.0,0.0,1.0,0.0,0.0,0.0,0.0,0.0,0.0,929,43,male,1,little,little,1344.0,12,Paruh Baya,1
0.0,1.0,0.0,0.0,0.0,0.0,0.0,1.0,0.0,0.0,0.0,930,24,male,1,little,little,1747.0,24,Muda,1
0.0,1.0,0.0,0.0,0.0,0.0,0.0,0.0,1.0,0.0,0.0,931,22,female,2,little,moderate,1670.0,9,Muda,0
0.0,1.0,0.0,0.0,1.0,0.0,0.0,0.0,0.0,0.0,0.0,932,30,male,2,little,little,1224.0,9,Dewasa,1
0.0,1.0,0.0,0.0,0.0,0.0,0.0,0.0,1.0,0.0,0.0,933,42,male,2,quite rich,little,708.95,12,Paruh Baya,1
0.0,1.0,0.0,0.0,0.0,0.0,0.0,0.0,1.0,0.0,0.0,934,23,female,2,little,little,1498.0,12,Muda,0
0.0,1.0,0.0,0.0,0.0,0.0,0.0,0.0,1.0,0.0,0.0,935,30,male,3,moderate,moderate,1919.0,30,Dewasa,1
0.0,1.0,0.0,0.0,0.0,0.0,0.0,0.0,1.0,0.0,0.0,936,28,female,1,little,rich,745.0,9,Dewasa,0
0.0,0.0,1.0,0.0,0.0,0.0,0.0,0.0,1.0,0.0,0.0,937,30,male,3,little,moderate,2063.0,6,Dewasa,1
1.0,0.0,0.0,0.0,0.0,0.0,1.0,0.0,0.0,0.0,0.0,938,42,male,2,little,moderate,6288.0,60,Paruh Baya,1
0.0,1.0,0.0,0.0,1.0,0.0,0.0,0.0,0.0,0.0,0.0,939,46,male,3,little,little,6842.0,24,Paruh Baya,1
0.0,1.0,0.0,0.0,1.0,0.0,0.0,0.0,0.0,0.0,0.0,940,45,male,3,little,little,3527.0,12,Paruh Baya,1
0.0,1.0,0.0,0.0,1.0,0.0,0.0,0.0,0.0,0.0,0.0,941,31,male,1,little,little,1546.0,10,Dewasa,1
0.0,1.0,0.0,0.0,0.0,0.0,0.0,1.0,0.0,0.0,0.0,942,31,male,2,little,little,929.0,24,Dewasa,1
0.0,1.0,0.0,0.0,1.0,0.0,0.0,0.0,0.0,0.0,0.0,943,42,male,1,little,little,1455.0,4,Paruh Baya,1
0.0,0.0,1.0,0.0,0.0,0.0,0.0,1.0,0.0,0.0,0.0,944,46,female,2,little,little,1845.0,15,Paruh Baya,0
0.0,1.0,0.0,0.0,1.0,0.0,0.0,0.0,0.0,0.0,0.0,945,30,female,2,quite rich,moderate,8358.0,48,Dewasa,0
1.0,0.0,0.0,0.0,0.0,0.0,0.0,1.0,0.0,0.0,0.0,946,30,male,2,quite rich,little,3349.0,24,Dewasa,1
0.0,1.0,0.0,0.0,1.0,0.0,0.0,0.0,0.0,0.0,0.0,947,38,male,3,little,little,2859.0,12,Dewasa,1
0.0,1.0,0.0,0.0,0.0,0.0,0.0,1.0,0.0,0.0,0.0,948,43,male,1,little,little,1533.0,18,Paruh Baya,1
0.0,1.0,0.0,0.0,0.0,0.0,0.0,0.0,1.0,0.0,0.0,949,31,male,2,moderate,little,3621.0,24,Dewasa,1
0.0,1.0,0.0,1.0,0.0,0.0,0.0,0.0,0.0,0.0,0.0,950,40,male,0,little,moderate,3590.0,18,Dewasa,1
0.0,1.0,0.0,1.0,0.0,0.0,0.0,0.0,0.0,0.0,0.0,951,24,male,2,little,little,2145.0,36,Muda,1
0.0,0.0,1.0,0.0,1.0,0.0,0.0,0.0,0.0,0.0,0.0,952,28,female,2,quite rich,moderate,4113.0,24,Dewasa,0
0.0,1.0,0.0,0.0,0.0,0.0,0.0,1.0,0.0,0.0,0.0,953,26,female,3,little,little,9162.699999999995,36,Dewasa,0
0.0,1.0,0.0,0.0,1.0,0.0,0.0,0.0,0.0,0.0,0.0,954,29,female,2,little,little,1893.0,12,Dewasa,0
0.0,0.0,1.0,0.0,0.0,0.0,0.0,0.0,1.0,0.0,0.0,955,57,female,3,rich,little,1231.0,24,Paruh Baya,0
0.0,1.0,0.0,0.0,0.0,0.0,0.0,0.0,1.0,0.0,0.0,956,49,male,1,little,rich,3656.0,30,Paruh Baya,1
0.0,1.0,0.0,0.0,0.0,0.0,0.0,0.0,1.0,0.0,0.0,957,37,male,1,little,moderate,1154.0,9,Dewasa,1
0.0,1.0,0.0,0.0,1.0,0.0,0.0,0.0,0.0,0.0,0.0,958,45,male,1,little,little,4006.0,28,Paruh Baya,1
1.0,0.0,0.0,0.0,0.0,0.0,0.0,1.0,0.0,0.0,0.0,959,30,male,2,moderate,moderate,3069.0,24,Dewasa,1
0.0,0.0,1.0,0.0,0.0,0.0,0.0,0.0,1.0,0.0,0.0,960,30,male,2,little,little,1740.0,6,Dewasa,1
0.0,1.0,0.0,0.0,1.0,0.0,0.0,0.0,0.0,0.0,0.0,961,47,male,2,little,moderate,2353.0,21,Paruh Baya,1
0.0,1.0,0.0,0.0,1.0,0.0,0.0,0.0,0.0,0.0,0.0,962,29,male,2,little,little,3556.0,15,Dewasa,1
0.0,1.0,0.0,0.0,0.0,0.0,0.0,0.0,1.0,0.0,0.0,963,35,male,2,quite rich,little,2397.0,24,Dewasa,1
0.0,1.0,0.0,0.0,0.0,0.0,0.0,0.0,0.0,1.0,0.0,964,22,male,1,little,moderate,708.95,6,Muda,1
0.0,1.0,0.0,0.0,0.0,0.0,0.0,0.0,1.0,0.0,0.0,965,26,female,2,little,moderate,1715.0,30,Dewasa,0
0.0,1.0,0.0,0.0,0.0,0.0,0.0,0.0,1.0,0.0,0.0,966,23,male,1,quite rich,moderate,2520.0,27,Muda,1
0.0,0.0,1.0,0.0,0.0,0.0,0.0,0.0,1.0,0.0,0.0,967,54,female,3,little,little,3568.0,15,Paruh Baya,0
0.0,0.0,1.0,0.0,0.0,0.0,0.0,0.0,1.0,0.0,0.0,968,29,male,2,little,little,7166.0,42,Dewasa,1
0.0,1.0,0.0,0.0,1.0,0.0,0.0,0.0,0.0,0.0,0.0,969,40,male,1,little,little,3939.0,11,Dewasa,1
0.0,1.0,0.0,0.0,0.0,0.0,0.0,0.0,0.0,1.0,0.0,970,22,male,2,moderate,moderate,1514.0,15,Muda,1
0.0,1.0,0.0,0.0,1.0,0.0,0.0,0.0,0.0,0.0,0.0,971,43,male,1,little,little,7393.0,24,Paruh Baya,1
0.0,0.0,1.0,0.0,1.0,0.0,0.0,0.0,0.0,0.0,0.0,972,29,female,0,little,little,1193.0,24,Dewasa,0
0.0,0.0,1.0,1.0,0.0,0.0,0.0,0.0,0.0,0.0,0.0,973,36,male,2,little,little,7297.0,60,Dewasa,1
0.0,1.0,0.0,0.0,0.0,0.0,0.0,0.0,1.0,0.0,0.0,974,33,female,2,little,little,2831.0,30,Dewasa,0
0.0,1.0,0.0,0.0,0.0,0.0,0.0,0.0,1.0,0.0,0.0,975,57,female,1,quite rich,rich,1258.0,24,Paruh Baya,0
0.0,1.0,0.0,0.0,0.0,0.0,0.0,0.0,1.0,0.0,0.0,976,64,female,2,little,moderate,753.0,6,Senior,0
0.0,1.0,0.0,1.0,0.0,0.0,0.0,0.0,0.0,0.0,0.0,977,42,male,2,little,moderate,2427.0,18,Paruh Baya,1
0.0,1.0,0.0,0.0,1.0,0.0,0.0,0.0,0.0,0.0,0.0,978,47,male,1,little,little,2538.0,24,Paruh Baya,1
0.0,0.0,1.0,0.0,1.0,0.0,0.0,0.0,0.0,0.0,0.0,979,25,male,2,moderate,moderate,1264.0,15,Muda,1
0.0,1.0,0.0,0.0,0.0,0.0,0.0,1.0,0.0,0.0,0.0,980,49,male,2,little,moderate,8386.0,30,Paruh Baya,1
0.0,0.0,1.0,1.0,0.0,0.0,0.0,0.0,0.0,0.0,0.0,981,33,male,3,little,little,4844.0,48,Dewasa,1
0.0,1.0,0.0,0.0,1.0,0.0,0.0,0.0,0.0,0.0,0.0,982,28,female,3,moderate,rich,2923.0,21,Dewasa,0
0.0,1.0,0.0,0.0,1.0,0.0,0.0,0.0,0.0,0.0,0.0,983,26,male,2,little,little,8229.0,36,Dewasa,1
0.0,1.0,0.0,0.0,0.0,0.0,0.0,1.0,0.0,0.0,0.0,984,30,male,1,little,little,2028.0,24,Dewasa,1
0.0,0.0,1.0,0.0,0.0,0.0,0.0,1.0,0.0,0.0,0.0,985,25,female,2,little,little,1433.0,15,Muda,0
0.0,1.0,0.0,1.0,0.0,0.0,0.0,0.0,0.0,0.0,0.0,986,33,male,2,little,rich,6289.0,42,Dewasa,1
0.0,1.0,0.0,0.0,0.0,0.0,0.0,0.0,1.0,0.0,0.0,987,64,female,2,moderate,little,1409.0,13,Senior,0
1.0,0.0,0.0,0.0,1.0,0.0,0.0,0.0,0.0,0.0,0.0,988,29,male,3,little,little,6579.0,24,Dewasa,1
0.0,1.0,0.0,0.0,0.0,0.0,0.0,0.0,1.0,0.0,0.0,989,48,male,1,little,moderate,1743.0,24,Paruh Baya,1
0.0,1.0,0.0,0.0,0.0,0.0,1.0,0.0,0.0,0.0,0.0,990,37,male,1,little,little,3565.0,12,Dewasa,1
0.0,1.0,0.0,0.0,0.0,0.0,0.0,0.0,1.0,0.0,0.0,991,34,male,1,moderate,little,1569.0,15,Dewasa,1
0.0,0.0,1.0,0.0,0.0,0.0,0.0,0.0,1.0,0.0,0.0,992,23,male,1,little,little,1936.0,18,Muda,1
0.0,1.0,0.0,0.0,0.0,0.0,0.0,1.0,0.0,0.0,0.0,993,30,male,3,little,little,3959.0,36,Dewasa,1
0.0,1.0,0.0,0.0,1.0,0.0,0.0,0.0,0.0,0.0,0.0,994,50,male,2,little,little,2390.0,12,Paruh Baya,1
0.0,1.0,0.0,0.0,0.0,0.0,0.0,1.0,0.0,0.0,0.0,995,31,female,1,little,little,1736.0,12,Dewasa,0
0.0,1.0,0.0,0.0,1.0,0.0,0.0,0.0,0.0,0.0,0.0,996,40,male,3,little,little,3857.0,30,Dewasa,1
0.0,1.0,0.0,0.0,0.0,0.0,0.0,0.0,1.0,0.0,0.0,997,38,male,2,little,little,804.0,12,Dewasa,1
1.0,0.0,0.0,0.0,0.0,0.0,0.0,0.0,1.0,0.0,0.0,998,23,male,2,little,little,1845.0,45,Muda,1
0.0,1.0,0.0,0.0,1.0,0.0,0.0,0.0,0.0,0.0,0.0,999,27,male,2,moderate,moderate,4576.0,45,Dewasa,1
